PA_PROC_ID,time_idx,Ano,Mes,Valor_Previsto_Mediana,Valor_Melhor_Cenario,Valor_Pior_Cenario
202020380,120,2025,1,27506536.0,23736902.0,31045896.0
202020380,121,2025,2,27968928.0,24362704.0,31341688.0
202020380,122,2025,3,28340378.0,24873454.0,31456736.0
202020380,123,2025,4,28626828.0,25279640.0,31469856.0
202020380,124,2025,5,28843928.0,25594068.0,31426680.0
202020380,125,2025,6,29003902.0,25831808.0,31367408.0
202020380,126,2025,7,29131456.0,26029096.0,31311692.0
202020380,127,2025,8,29231328.0,26203112.0,31262918.0
202020380,128,2025,9,29308768.0,26351142.0,31219506.0
202020380,129,2025,10,29359276.0,26459884.0,31172332.0
202020380,130,2025,11,29386448.0,26525446.0,31117894.0
202020380,131,2025,12,29403904.0,26565454.0,31065796.0
202020380,132,2026,1,31186562.0,27290124.0,34391776.0
202020380,133,2026,2,31696376.0,27998018.0,34710024.0
202020380,134,2026,3,32085600.0,28556500.0,34810130.0
202020380,135,2026,4,32369176.0,28978092.0,34804744.0
202020380,136,2026,5,32569822.0,29284642.0,34746810.0
202020380,137,2026,6,32712494.0,29509048.0,34677492.0
202020380,138,2026,7,32823544.0,29689478.0,34619320.0
202020380,139,2026,8,32911958.0,29847388.0,34568176.0
202020380,140,2026,9,32979338.0,29983524.0,34527044.0
202020380,141,2026,10,33019306.0,30080328.0,34481510.0
202020380,142,2026,11,33042474.0,30142676.0,34431300.0
202020380,143,2026,12,33051566.0,30175680.0,34378730.0
202020380,144,2027,1,32100350.0,29170414.0,34144920.0
202020380,145,2027,2,32435820.0,29651226.0,34345656.0
202020380,146,2027,3,32687372.0,30025806.0,34403356.0
202020380,147,2027,4,32867576.0,30308272.0,34394950.0
202020380,148,2027,5,32997152.0,30515280.0,34358290.0
202020380,149,2027,6,33092980.0,30670438.0,34315176.0
202020380,150,2027,7,33166428.0,30794864.0,34278676.0
202020380,151,2027,8,33228536.0,30907622.0,34252940.0
202020380,152,2027,9,33273864.0,31004426.0,34228470.0
202020380,153,2027,10,33303742.0,31076544.0,34203052.0
202020380,154,2027,11,33319886.0,31124284.0,34170916.0
202020380,155,2027,12,33326912.0,31152398.0,34137480.0
202020380,156,2028,1,34202350.0,31688182.0,35804344.0
202020380,157,2028,2,34477564.0,32117086.0,35975430.0
202020380,158,2028,3,34681336.0,32444732.0,36010904.0
202020380,159,2028,4,34820652.0,32679270.0,35985692.0
202020380,160,2028,5,34916596.0,32846184.0,35938636.0
202020380,161,2028,6,34987676.0,32969214.0,35892324.0
202020380,162,2028,7,35042692.0,33068718.0,35854468.0
202020380,163,2028,8,35086668.0,33154984.0,35822780.0
202020380,164,2028,9,35118690.0,33231256.0,35797480.0
202020380,165,2028,10,35138884.0,33287608.0,35771296.0
202020380,166,2028,11,35148444.0,33323336.0,35741504.0
202020380,167,2028,12,35151064.0,33343668.0,35709090.0
202020380,168,2029,1,35290496.0,33429620.0,36425336.0
202020380,169,2029,2,35467350.0,33730460.0,36516464.0
202020380,170,2029,3,35594150.0,33953440.0,36508880.0
202020380,171,2029,4,35679356.0,34109800.0,36465930.0
202020380,172,2029,5,35737772.0,34218804.0,36414204.0
202020380,173,2029,6,35780640.0,34298960.0,36369824.0
202020380,174,2029,7,35813828.0,34364350.0,36332840.0
202020380,175,2029,8,35840356.0,34421360.0,36304544.0
202020380,176,2029,9,35860270.0,34472796.0,36282468.0
202020380,177,2029,10,35871696.0,34512620.0,36259764.0
202020380,178,2029,11,35875916.0,34536124.0,36234260.0
202020380,179,2029,12,35876388.0,34550410.0,36208540.0
202020380,180,2030,1,36125068.0,34568540.0,37054588.0
202020380,181,2030,2,36266104.0,34824348.0,37111876.0
202020380,182,2030,3,36365700.0,35010396.0,37082556.0
202020380,183,2030,4,36430480.0,35138228.0,37027100.0
202020380,184,2030,5,36473990.0,35224790.0,36971612.0
202020380,185,2030,6,36504984.0,35287092.0,36925620.0
202020380,186,2030,7,36530148.0,35336640.0,36890344.0
202020380,187,2030,8,36548932.0,35381560.0,36861790.0
202020380,188,2030,9,36562810.0,35422130.0,36840224.0
202020380,189,2030,10,36570516.0,35452430.0,36820230.0
202020380,190,2030,11,36572852.0,35471680.0,36796844.0
202020380,191,2030,12,36572116.0,35482064.0,36774696.0
202020380,192,2031,1,36378196.0,35457590.0,36851416.0
202020380,193,2031,2,36461396.0,35613764.0,36888856.0
202020380,194,2031,3,36517844.0,35724320.0,36869230.0
202020380,195,2031,4,36553096.0,35798148.0,36835916.0
202020380,196,2031,5,36576230.0,35847520.0,36802370.0
202020380,197,2031,6,36592776.0,35882704.0,36774064.0
202020380,198,2031,7,36606100.0,35910396.0,36753240.0
202020380,199,2031,8,36616680.0,35935570.0,36738812.0
202020380,200,2031,9,36624760.0,35959560.0,36727212.0
202020380,201,2031,10,36627936.0,35976710.0,36715388.0
202020380,202,2031,11,36629148.0,35987588.0,36703116.0
202020380,203,2031,12,36627932.0,35993064.0,36689530.0
202020380,204,2032,1,37267396.0,36393170.0,37638390.0
202020380,205,2032,2,37347296.0,36546764.0,37678360.0
202020380,206,2032,3,37400690.0,36655104.0,37662708.0
202020380,207,2032,4,37432200.0,36724336.0,37631720.0
202020380,208,2032,5,37452500.0,36770050.0,37600620.0
202020380,209,2032,6,37466470.0,36801436.0,37574132.0
202020380,210,2032,7,37478180.0,36826760.0,37556892.0
202020380,211,2032,8,37487580.0,36851052.0,37542880.0
202020380,212,2032,9,37494670.0,36872696.0,37533296.0
202020380,213,2032,10,37498360.0,36889140.0,37524096.0
202020380,214,2032,11,37498724.0,36899320.0,37513040.0
202020380,215,2032,12,37497204.0,36904788.0,37501396.0
202020380,216,2033,1,37095120.0,36648692.0,37254188.0
202020380,217,2033,2,37136730.0,36730216.0,37275870.0
202020380,218,2033,3,37162664.0,36785496.0,37267344.0
202020380,219,2033,4,37177980.0,36820624.0,37251576.0
202020380,220,2033,5,37187250.0,36843320.0,37235580.0
202020380,221,2033,6,37193916.0,36858796.0,37222576.0
202020380,222,2033,7,37199650.0,36871548.0,37213400.0
202020380,223,2033,8,37204160.0,36883384.0,37207172.0
202020380,224,2033,9,37207544.0,36894236.0,37202640.0
202020380,225,2033,10,37209330.0,36902772.0,37198452.0
202020380,226,2033,11,37209450.0,36908004.0,37193428.0
202020380,227,2033,12,37208836.0,36910504.0,37187820.0
202020380,228,2034,1,37607656.0,37219220.0,37732156.0
202020380,229,2034,2,37644150.0,37292904.0,37750684.0
202020380,230,2034,3,37666372.0,37342210.0,37741340.0
202020380,231,2034,4,37678824.0,37372696.0,37725212.0
202020380,232,2034,5,37686370.0,37391690.0,37709976.0
202020380,233,2034,6,37691580.0,37405150.0,37697570.0
202020380,234,2034,7,37696184.0,37415716.0,37689308.0
202020380,235,2034,8,37700188.0,37425876.0,37684130.0
202020380,236,2034,9,37702772.0,37435370.0,37680228.0
202020380,237,2034,10,37704340.0,37442676.0,37677224.0
202020380,238,2034,11,37704372.0,37447016.0,37672600.0
202020380,239,2034,12,37703724.0,37449444.0,37668040.0
212010050,120,2025,1,20196082.0,18381332.0,21780062.0
212010050,121,2025,2,20258488.0,18414862.0,21996478.0
212010050,122,2025,3,20412752.0,18556464.0,22195196.0
212010050,123,2025,4,20604362.0,18749450.0,22363330.0
212010050,124,2025,5,20782992.0,18935736.0,22489936.0
212010050,125,2025,6,20925126.0,19083204.0,22584916.0
212010050,126,2025,7,21031934.0,19194562.0,22660310.0
212010050,127,2025,8,21115258.0,19282242.0,22728602.0
212010050,128,2025,9,21183498.0,19359470.0,22788892.0
212010050,129,2025,10,21245760.0,19432736.0,22832842.0
212010050,130,2025,11,21304532.0,19505374.0,22857988.0
212010050,131,2025,12,21366776.0,19584064.0,22872000.0
212010050,132,2026,1,22404124.0,19615154.0,24766358.0
212010050,133,2026,2,22510096.0,19677706.0,25092124.0
212010050,134,2026,3,22728728.0,19882100.0,25366234.0
212010050,135,2026,4,22998250.0,20160172.0,25591950.0
212010050,136,2026,5,23242394.0,20419972.0,25757672.0
212010050,137,2026,6,23443972.0,20637036.0,25882980.0
212010050,138,2026,7,23596276.0,20801206.0,25987248.0
212010050,139,2026,8,23721560.0,20939632.0,26083102.0
212010050,140,2026,9,23832160.0,21069328.0,26173624.0
212010050,141,2026,10,23928048.0,21187656.0,26238204.0
212010050,142,2026,11,24026522.0,21315554.0,26275902.0
212010050,143,2026,12,24121684.0,21441704.0,26294152.0
212010050,144,2027,1,24715026.0,22808716.0,25967408.0
212010050,145,2027,2,24982512.0,23220876.0,26120774.0
212010050,146,2027,3,25170960.0,23529464.0,26150194.0
212010050,147,2027,4,25297078.0,23750846.0,26125198.0
212010050,148,2027,5,25380920.0,23902242.0,26080432.0
212010050,149,2027,6,25438966.0,24010370.0,26037386.0
212010050,150,2027,7,25481640.0,24091194.0,26003572.0
212010050,151,2027,8,25513624.0,24158444.0,25979100.0
212010050,152,2027,9,25536308.0,24215612.0,25961182.0
212010050,153,2027,10,25551804.0,24259998.0,25945140.0
212010050,154,2027,11,25560668.0,24288746.0,25925264.0
212010050,155,2027,12,25566144.0,24309384.0,25905620.0
212010050,156,2028,1,25472856.0,23967830.0,26264436.0
212010050,157,2028,2,25634462.0,24244976.0,26358262.0
212010050,158,2028,3,25747256.0,24450562.0,26361220.0
212010050,159,2028,4,25821846.0,24596118.0,26329728.0
212010050,160,2028,5,25872864.0,24697974.0,26289274.0
212010050,161,2028,6,25908644.0,24770726.0,26253240.0
212010050,162,2028,7,25936796.0,24828124.0,26226762.0
212010050,163,2028,8,25957846.0,24878182.0,26207912.0
212010050,164,2028,9,25974094.0,24921332.0,26195518.0
212010050,165,2028,10,25984320.0,24954504.0,26182482.0
212010050,166,2028,11,25989298.0,24974852.0,26167234.0
212010050,167,2028,12,25991994.0,24988300.0,26150374.0
212010050,168,2029,1,26599546.0,25168564.0,27224862.0
212010050,169,2029,2,26740120.0,25425546.0,27304718.0
212010050,170,2029,3,26834780.0,25611822.0,27296324.0
212010050,171,2029,4,26893896.0,25739596.0,27258396.0
212010050,172,2029,5,26934484.0,25827746.0,27215640.0
212010050,173,2029,6,26963550.0,25891238.0,27180734.0
212010050,174,2029,7,26985642.0,25941222.0,27153418.0
212010050,175,2029,8,27003814.0,25985252.0,27136572.0
212010050,176,2029,9,27017590.0,26024434.0,27125188.0
212010050,177,2029,10,27026388.0,26053932.0,27114252.0
212010050,178,2029,11,27029458.0,26072480.0,27099910.0
212010050,179,2029,12,27030720.0,26084062.0,27083274.0
212010050,180,2030,1,27161758.0,25714348.0,27668454.0
212010050,181,2030,2,27293266.0,25971300.0,27743396.0
212010050,182,2030,3,27378582.0,26152040.0,27729228.0
212010050,183,2030,4,27430984.0,26274542.0,27687020.0
212010050,184,2030,5,27464646.0,26356864.0,27641810.0
212010050,185,2030,6,27489878.0,26415680.0,27605550.0
212010050,186,2030,7,27509204.0,26461830.0,27578820.0
212010050,187,2030,8,27525754.0,26504696.0,27561440.0
212010050,188,2030,9,27538664.0,26542032.0,27550822.0
212010050,189,2030,10,27546392.0,26571862.0,27541812.0
212010050,190,2030,11,27548724.0,26590042.0,27526796.0
212010050,191,2030,12,27549282.0,26599906.0,27512352.0
212010050,192,2031,1,27563184.0,26640252.0,27800542.0
212010050,193,2031,2,27640526.0,26801714.0,27848088.0
212010050,194,2031,3,27688576.0,26912240.0,27837662.0
212010050,195,2031,4,27716884.0,26985040.0,27811394.0
212010050,196,2031,5,27734576.0,27034344.0,27783072.0
212010050,197,2031,6,27748604.0,27068998.0,27760982.0
212010050,198,2031,7,27760712.0,27098190.0,27746048.0
212010050,199,2031,8,27770032.0,27123192.0,27737068.0
212010050,200,2031,9,27778190.0,27147858.0,27732372.0
212010050,201,2031,10,27783406.0,27166246.0,27727828.0
212010050,202,2031,11,27784834.0,27177708.0,27720366.0
212010050,203,2031,12,27786070.0,27185586.0,27711626.0
212010050,204,2032,1,27803088.0,27235986.0,27913496.0
212010050,205,2032,2,27849416.0,27336950.0,27942138.0
212010050,206,2032,3,27876248.0,27404256.0,27933102.0
212010050,207,2032,4,27891406.0,27447670.0,27915332.0
212010050,208,2032,5,27901668.0,27476410.0,27897986.0
212010050,209,2032,6,27908572.0,27496628.0,27882984.0
212010050,210,2032,7,27915362.0,27513320.0,27874250.0
212010050,211,2032,8,27920998.0,27528812.0,27868622.0
212010050,212,2032,9,27926076.0,27543530.0,27866584.0
212010050,213,2032,10,27928746.0,27555050.0,27863992.0
212010050,214,2032,11,27930058.0,27562080.0,27860426.0
212010050,215,2032,12,27930040.0,27566532.0,27854826.0
212010050,216,2033,1,28193992.0,27729758.0,28255922.0
212010050,217,2033,2,28229428.0,27812602.0,28278198.0
212010050,218,2033,3,28249500.0,27867118.0,28270066.0
212010050,219,2033,4,28260546.0,27901100.0,28254810.0
212010050,220,2033,5,28267400.0,27923264.0,28239516.0
212010050,221,2033,6,28272690.0,27939164.0,28227562.0
212010050,222,2033,7,28277484.0,27952428.0,28220042.0
212010050,223,2033,8,28282220.0,27964916.0,28215960.0
212010050,224,2033,9,28286222.0,27976912.0,28214920.0
212010050,225,2033,10,28288600.0,27986080.0,28213388.0
212010050,226,2033,11,28289374.0,27992396.0,28210194.0
212010050,227,2033,12,28289812.0,27996148.0,28206072.0
212010050,228,2034,1,28135936.0,27900484.0,28157434.0
212010050,229,2034,2,28153406.0,27943316.0,28168050.0
212010050,230,2034,3,28162762.0,27970790.0,28162784.0
212010050,231,2034,4,28167832.0,27987846.0,28153984.0
212010050,232,2034,5,28170944.0,27998722.0,28145870.0
212010050,233,2034,6,28173040.0,28006456.0,28139330.0
212010050,234,2034,7,28175440.0,28013092.0,28135158.0
212010050,235,2034,8,28177664.0,28019128.0,28133280.0
212010050,236,2034,9,28179740.0,28025526.0,28132918.0
212010050,237,2034,10,28180902.0,28030182.0,28132200.0
212010050,238,2034,11,28181456.0,28033350.0,28130826.0
212010050,239,2034,12,28181450.0,28035264.0,28128830.0
301010048,120,2025,1,79488800.0,65809156.0,91553864.0
301010048,121,2025,2,80989410.0,67763910.0,93016220.0
301010048,122,2025,3,82285830.0,69459240.0,93790600.0
301010048,123,2025,4,83370830.0,70920160.0,94130350.0
301010048,124,2025,5,84251224.0,72116520.0,94191090.0
301010048,125,2025,6,84944190.0,73080240.0,94120560.0
301010048,126,2025,7,85493690.0,73888660.0,94006010.0
301010048,127,2025,8,85953410.0,74614200.0,93896940.0
301010048,128,2025,9,86301490.0,75249660.0,93778660.0
301010048,129,2025,10,86540450.0,75717760.0,93625740.0
301010048,130,2025,11,86698080.0,76034110.0,93435180.0
301010048,131,2025,12,86801980.0,76243580.0,93226184.0
301010048,132,2026,1,89953720.0,77213090.0,100062504.0
301010048,133,2026,2,91707890.0,79625780.0,101506420.0
301010048,134,2026,3,93070760.0,81542240.0,102086720.0
301010048,135,2026,4,94069460.0,83013180.0,102205020.0
301010048,136,2026,5,94793650.0,84095840.0,102088110.0
301010048,137,2026,6,95325180.0,84906570.0,101915220.0
301010048,138,2026,7,95722800.0,85539230.0,101745656.0
301010048,139,2026,8,96045730.0,86102830.0,101611330.0
301010048,140,2026,9,96287670.0,86582430.0,101500380.0
301010048,141,2026,10,96442780.0,86925960.0,101376960.0
301010048,142,2026,11,96532640.0,87156400.0,101210870.0
301010048,143,2026,12,96594330.0,87301180.0,101045460.0
301010048,144,2027,1,91640160.0,83446330.0,97523730.0
301010048,145,2027,2,92743800.0,85026120.0,98325840.0
301010048,146,2027,3,93588936.0,86284140.0,98608450.0
301010048,147,2027,4,94184950.0,87227640.0,98616720.0
301010048,148,2027,5,94605020.0,87906900.0,98507600.0
301010048,149,2027,6,94906560.0,88402490.0,98375390.0
301010048,150,2027,7,95129224.0,88781550.0,98261430.0
301010048,151,2027,8,95302920.0,89104720.0,98175700.0
301010048,152,2027,9,95432770.0,89378744.0,98113780.0
301010048,153,2027,10,95520290.0,89584480.0,98048020.0
301010048,154,2027,11,95570264.0,89720970.0,97958430.0
301010048,155,2027,12,95597040.0,89807944.0,97863656.0
301010048,156,2028,1,97793910.0,91559500.0,102075510.0
301010048,157,2028,2,98478700.0,92666930.0,102535850.0
301010048,158,2028,3,98994040.0,93519510.0,102578730.0
301010048,159,2028,4,99357390.0,94143340.0,102463120.0
301010048,160,2028,5,99608360.0,94592600.0,102297120.0
301010048,161,2028,6,99790920.0,94920130.0,102142340.0
301010048,162,2028,7,99933770.0,95178220.0,102026664.0
301010048,163,2028,8,100041140.0,95401340.0,101936360.0
301010048,164,2028,9,100124376.0,95597250.0,101872610.0
301010048,165,2028,10,100178376.0,95743496.0,101806160.0
301010048,166,2028,11,100205410.0,95838430.0,101729560.0
301010048,167,2028,12,100219120.0,95898584.0,101647600.0
301010048,168,2029,1,99339304.0,95019410.0,102029530.0
301010048,169,2029,2,99769640.0,95754540.0,102287120.0
301010048,170,2029,3,100089864.0,96317890.0,102264550.0
301010048,171,2029,4,100302424.0,96717790.0,102146490.0
301010048,172,2029,5,100451624.0,97002280.0,102008730.0
301010048,173,2029,6,100561390.0,97209430.0,101892170.0
301010048,174,2029,7,100645310.0,97373840.0,101798104.0
301010048,175,2029,8,100714210.0,97518744.0,101736540.0
301010048,176,2029,9,100765200.0,97648000.0,101690216.0
301010048,177,2029,10,100794560.0,97744104.0,101643410.0
301010048,178,2029,11,100810180.0,97806420.0,101590660.0
301010048,179,2029,12,100818380.0,97846830.0,101532960.0
301010048,180,2030,1,103009350.0,98727040.0,105565020.0
301010048,181,2030,2,103405350.0,99453670.0,105751420.0
301010048,182,2030,3,103701080.0,100005280.0,105669400.0
301010048,183,2030,4,103892360.0,100389624.0,105502270.0
301010048,184,2030,5,104023680.0,100655970.0,105335640.0
301010048,185,2030,6,104116630.0,100847390.0,105196530.0
301010048,186,2030,7,104192360.0,100998530.0,105093464.0
301010048,187,2030,8,104251624.0,101134780.0,105021496.0
301010048,188,2030,9,104296940.0,101258280.0,104971980.0
301010048,189,2030,10,104323190.0,101352024.0,104925704.0
301010048,190,2030,11,104335930.0,101413110.0,104871230.0
301010048,191,2030,12,104339910.0,101448130.0,104812740.0
301010048,192,2031,1,102353496.0,100178250.0,103454300.0
301010048,193,2031,2,102555610.0,100560830.0,103558340.0
301010048,194,2031,3,102697940.0,100843544.0,103511384.0
301010048,195,2031,4,102787256.0,101035230.0,103423030.0
301010048,196,2031,5,102846420.0,101166190.0,103334340.0
301010048,197,2031,6,102888780.0,101257770.0,103262650.0
301010048,198,2031,7,102922824.0,101332424.0,103210040.0
301010048,199,2031,8,102950300.0,101397560.0,103177280.0
301010048,200,2031,9,102971864.0,101458790.0,103154280.0
301010048,201,2031,10,102984620.0,101503420.0,103133420.0
301010048,202,2031,11,102991176.0,101533780.0,103109880.0
301010048,203,2031,12,102990500.0,101550670.0,103079384.0
301010048,204,2032,1,105489360.0,103013390.0,106576980.0
301010048,205,2032,2,105723030.0,103467544.0,106701890.0
301010048,206,2032,3,105879240.0,103795680.0,106639220.0
301010048,207,2032,4,105975464.0,104013240.0,106530190.0
301010048,208,2032,5,106038090.0,104157890.0,106424570.0
301010048,209,2032,6,106080250.0,104258590.0,106338230.0
301010048,210,2032,7,106117440.0,104338410.0,106281816.0
301010048,211,2032,8,106145250.0,104412470.0,106241410.0
301010048,212,2032,9,106170024.0,104479820.0,106217910.0
301010048,213,2032,10,106183150.0,104531470.0,106197840.0
301010048,214,2032,11,106187390.0,104562776.0,106170620.0
301010048,215,2032,12,106186640.0,104581540.0,106139470.0
301010048,216,2033,1,104847760.0,103574780.0,105308660.0
301010048,217,2033,2,104965690.0,103814130.0,105371990.0
301010048,218,2033,3,105040940.0,103979820.0,105338296.0
301010048,219,2033,4,105083976.0,104086190.0,105281704.0
301010048,220,2033,5,105111330.0,104156190.0,105226440.0
301010048,221,2033,6,105131460.0,104205544.0,105183990.0
301010048,222,2033,7,105147690.0,104244580.0,105154660.0
301010048,223,2033,8,105161860.0,104280776.0,105135630.0
301010048,224,2033,9,105173670.0,104315860.0,105126020.0
301010048,225,2033,10,105180270.0,104342100.0,105117500.0
301010048,226,2033,11,105181656.0,104357440.0,105104250.0
301010048,227,2033,12,105181100.0,104367070.0,105088590.0
301010048,228,2034,1,106777670.0,105386824.0,107234104.0
301010048,229,2034,2,106909416.0,105659300.0,107303710.0
301010048,230,2034,3,106991370.0,105846550.0,107261560.0
301010048,231,2034,4,107037416.0,105966800.0,107190080.0
301010048,232,2034,5,107065660.0,106042480.0,107125430.0
301010048,233,2034,6,107084500.0,106095010.0,107073930.0
301010048,234,2034,7,107102424.0,106137170.0,107039800.0
301010048,235,2034,8,107116760.0,106176420.0,107020620.0
301010048,236,2034,9,107128470.0,106213810.0,107009256.0
301010048,237,2034,10,107136250.0,106241970.0,107002460.0
301010048,238,2034,11,107138590.0,106259910.0,106989544.0
301010048,239,2034,12,107137310.0,106269670.0,106973090.0
301010072,120,2025,1,94281440.0,75116200.0,107226720.0
301010072,121,2025,2,95365300.0,76221420.0,109349210.0
301010072,122,2025,3,96893900.0,77891030.0,111108740.0
301010072,123,2025,4,98558750.0,79792080.0,112492690.0
301010072,124,2025,5,100129000.0,81601410.0,113500440.0
301010072,125,2025,6,101520310.0,83224840.0,114267300.0
301010072,126,2025,7,102740670.0,84701400.0,114889016.0
301010072,127,2025,8,103824700.0,86099976.0,115440900.0
301010072,128,2025,9,104739880.0,87372490.0,115913470.0
301010072,129,2025,10,105409740.0,88354776.0,116176140.0
301010072,130,2025,11,105856240.0,89045390.0,116232190.0
301010072,131,2025,12,106163330.0,89533950.0,116168150.0
301010072,132,2026,1,105327930.0,90529220.0,114458080.0
301010072,133,2026,2,106418200.0,91716000.0,116163940.0
301010072,134,2026,3,107679840.0,93173290.0,117436370.0
301010072,135,2026,4,108942504.0,94697440.0,118355140.0
301010072,136,2026,5,110070960.0,96075450.0,118978990.0
301010072,137,2026,6,111033230.0,97270870.0,119431150.0
301010072,138,2026,7,111855280.0,98320500.0,119799720.0
301010072,139,2026,8,112579810.0,99302210.0,120133090.0
301010072,140,2026,9,113174560.0,100178530.0,120410376.0
301010072,141,2026,10,113600904.0,100840504.0,120566984.0
301010072,142,2026,11,113873310.0,101293464.0,120586420.0
301010072,143,2026,12,114037650.0,101588750.0,120511976.0
301010072,144,2027,1,107588080.0,96775220.0,115531830.0
301010072,145,2027,2,109167850.0,98741380.0,116660150.0
301010072,146,2027,3,110540980.0,100527600.0,117304600.0
301010072,147,2027,4,111565990.0,101937850.0,117593100.0
301010072,148,2027,5,112308660.0,102985620.0,117697170.0
301010072,149,2027,6,112850990.0,103762420.0,117733496.0
301010072,150,2027,7,113274720.0,104386100.0,117777064.0
301010072,151,2027,8,113635760.0,104934430.0,117863890.0
301010072,152,2027,9,113929520.0,105416390.0,117967180.0
301010072,153,2027,10,114135370.0,105782000.0,118029230.0
301010072,154,2027,11,114260536.0,106022130.0,118022430.0
301010072,155,2027,12,114326856.0,106171800.0,117964340.0
301010072,156,2028,1,112325000.0,103894540.0,117853016.0
301010072,157,2028,2,113478810.0,105413350.0,118676440.0
301010072,158,2028,3,114447280.0,106747740.0,119101410.0
301010072,159,2028,4,115164024.0,107786160.0,119277830.0
301010072,160,2028,5,115666870.0,108537864.0,119313620.0
301010072,161,2028,6,116035784.0,109097410.0,119320850.0
301010072,162,2028,7,116333784.0,109549280.0,119341020.0
301010072,163,2028,8,116582790.0,109948170.0,119395260.0
301010072,164,2028,9,116788100.0,110298410.0,119466250.0
301010072,165,2028,10,116932580.0,110563620.0,119509340.0
301010072,166,2028,11,117016460.0,110735180.0,119502210.0
301010072,167,2028,12,117062800.0,110845740.0,119458344.0
301010072,168,2029,1,114731050.0,107902440.0,118941720.0
301010072,169,2029,2,115668760.0,109179880.0,119596550.0
301010072,170,2029,3,116432950.0,110278580.0,119896390.0
301010072,171,2029,4,116971950.0,111099976.0,119990260.0
301010072,172,2029,5,117344210.0,111685970.0,119987090.0
301010072,173,2029,6,117612060.0,112110080.0,119966230.0
301010072,174,2029,7,117826030.0,112456350.0,119959510.0
301010072,175,2029,8,118006700.0,112754830.0,119988830.0
301010072,176,2029,9,118167580.0,113028330.0,120043170.0
301010072,177,2029,10,118274110.0,113231080.0,120075870.0
301010072,178,2029,11,118337660.0,113364060.0,120065730.0
301010072,179,2029,12,118369064.0,113448104.0,120030184.0
301010072,180,2030,1,115918824.0,109924130.0,119445860.0
301010072,181,2030,2,116751780.0,111099140.0,120003830.0
301010072,182,2030,3,117419060.0,112090010.0,120232360.0
301010072,183,2030,4,117872616.0,112810360.0,120272670.0
301010072,184,2030,5,118175650.0,113310664.0,120238910.0
301010072,185,2030,6,118392330.0,113667780.0,120196270.0
301010072,186,2030,7,118562980.0,113951336.0,120176536.0
301010072,187,2030,8,118712500.0,114207630.0,120186930.0
301010072,188,2030,9,118841740.0,114435704.0,120226430.0
301010072,189,2030,10,118930780.0,114607900.0,120251220.0
301010072,190,2030,11,118982960.0,114720344.0,120240100.0
301010072,191,2030,12,119009320.0,114786420.0,120210750.0
301010072,192,2031,1,117229230.0,113990840.0,119088140.0
301010072,193,2031,2,117678440.0,114638110.0,119391200.0
301010072,194,2031,3,118028130.0,115173880.0,119500936.0
301010072,195,2031,4,118262200.0,115558670.0,119512690.0
301010072,196,2031,5,118414960.0,115820100.0,119485260.0
301010072,197,2031,6,118523864.0,116006320.0,119457370.0
301010072,198,2031,7,118610290.0,116155430.0,119444440.0
301010072,199,2031,8,118687480.0,116285150.0,119452700.0
301010072,200,2031,9,118754296.0,116405304.0,119473210.0
301010072,201,2031,10,118801720.0,116494590.0,119488370.0
301010072,202,2031,11,118828720.0,116550904.0,119485784.0
301010072,203,2031,12,118843976.0,116590570.0,119470500.0
301010072,204,2032,1,118543030.0,115986780.0,119926616.0
301010072,205,2032,2,118902980.0,116518480.0,120164300.0
301010072,206,2032,3,119176776.0,116949700.0,120242420.0
301010072,207,2032,4,119349410.0,117244990.0,120240640.0
301010072,208,2032,5,119462000.0,117445570.0,120212370.0
301010072,209,2032,6,119544480.0,117587970.0,120187830.0
301010072,210,2032,7,119606390.0,117696550.0,120173870.0
301010072,211,2032,8,119664710.0,117799230.0,120176904.0
301010072,212,2032,9,119715784.0,117890550.0,120194680.0
301010072,213,2032,10,119751600.0,117959330.0,120205680.0
301010072,214,2032,11,119773510.0,118004850.0,120204696.0
301010072,215,2032,12,119782440.0,118031250.0,120192760.0
301010072,216,2033,1,118933440.0,117536190.0,119639740.0
301010072,217,2033,2,119130696.0,117836140.0,119767590.0
301010072,218,2033,3,119276470.0,118073336.0,119804860.0
301010072,219,2033,4,119367090.0,118232616.0,119799900.0
301010072,220,2033,5,119424600.0,118337510.0,119781720.0
301010072,221,2033,6,119464720.0,118412270.0,119763900.0
301010072,222,2033,7,119497704.0,118470744.0,119755400.0
301010072,223,2033,8,119527540.0,118523730.0,119756590.0
301010072,224,2033,9,119554450.0,118571770.0,119766750.0
301010072,225,2033,10,119573896.0,118608800.0,119773520.0
301010072,226,2033,11,119584640.0,118633240.0,119772456.0
301010072,227,2033,12,119590480.0,118647520.0,119767320.0
301010072,228,2034,1,119474744.0,118482024.0,119953260.0
301010072,229,2034,2,119615550.0,118701390.0,120043520.0
301010072,230,2034,3,119716410.0,118870510.0,120065464.0
301010072,231,2034,4,119778770.0,118983620.0,120057230.0
301010072,232,2034,5,119818010.0,119056220.0,120042264.0
301010072,233,2034,6,119843920.0,119106890.0,120027300.0
301010072,234,2034,7,119866020.0,119146840.0,120020216.0
301010072,235,2034,8,119886750.0,119183140.0,120021610.0
301010072,236,2034,9,119905300.0,119217690.0,120027750.0
301010072,237,2034,10,119919070.0,119243736.0,120033650.0
301010072,238,2034,11,119927260.0,119260824.0,120034110.0
301010072,239,2034,12,119930600.0,119270780.0,120030024.0
301060029,120,2025,1,51565504.0,45252384.0,57205430.0
301060029,121,2025,2,52110030.0,46050696.0,57579960.0
301060029,122,2025,3,52575420.0,46729250.0,57667464.0
301060029,123,2025,4,52952170.0,47287324.0,57612270.0
301060029,124,2025,5,53255900.0,47739372.0,57485770.0
301060029,125,2025,6,53496264.0,48100920.0,57341120.0
301060029,126,2025,7,53684452.0,48403188.0,57201220.0
301060029,127,2025,8,53832744.0,48674904.0,57075980.0
301060029,128,2025,9,53942440.0,48914136.0,56959456.0
301060029,129,2025,10,54017172.0,49095470.0,56841290.0
301060029,130,2025,11,54065160.0,49213756.0,56726050.0
301060029,131,2025,12,54094820.0,49290280.0,56613024.0
301060029,132,2026,1,59003970.0,52698420.0,63815050.0
301060029,133,2026,2,59602690.0,53665228.0,64128230.0
301060029,134,2026,3,60056052.0,54396630.0,64146984.0
301060029,135,2026,4,60382850.0,54939000.0,64033320.0
301060029,136,2026,5,60627344.0,55346724.0,63873690.0
301060029,137,2026,6,60812976.0,55655496.0,63715784.0
301060029,138,2026,7,60952892.0,55902660.0,63579470.0
301060029,139,2026,8,61065490.0,56125810.0,63461740.0
301060029,140,2026,9,61144780.0,56325260.0,63355760.0
301060029,141,2026,10,61197230.0,56474776.0,63256210.0
301060029,142,2026,11,61224060.0,56572630.0,63147344.0
301060029,143,2026,12,61240110.0,56636784.0,63042270.0
301060029,144,2027,1,59104950.0,54842948.0,62039504.0
301060029,145,2027,2,59556396.0,55599096.0,62207760.0
301060029,146,2027,3,59883190.0,56170820.0,62167324.0
301060029,147,2027,4,60099030.0,56577016.0,62044492.0
301060029,148,2027,5,60246990.0,56859660.0,61906084.0
301060029,149,2027,6,60351256.0,57060920.0,61781508.0
301060029,150,2027,7,60427264.0,57217560.0,61677800.0
301060029,151,2027,8,60488704.0,57358870.0,61598240.0
301060029,152,2027,9,60531230.0,57479350.0,61531310.0
301060029,153,2027,10,60555148.0,57570584.0,61468576.0
301060029,154,2027,11,60567730.0,57630268.0,61403756.0
301060029,155,2027,12,60570656.0,57668736.0,61336856.0
301060029,156,2028,1,63067372.0,59692220.0,65277492.0
301060029,157,2028,2,63365000.0,60246996.0,65355464.0
301060029,158,2028,3,63577510.0,60655256.0,65268784.0
301060029,159,2028,4,63717976.0,60941780.0,65138616.0
301060029,160,2028,5,63813148.0,61135548.0,65002468.0
301060029,161,2028,6,63882960.0,61277936.0,64888708.0
301060029,162,2028,7,63933364.0,61387176.0,64796440.0
301060029,163,2028,8,63973044.0,61486690.0,64722290.0
301060029,164,2028,9,64000764.0,61574290.0,64662184.0
301060029,165,2028,10,64015132.0,61641990.0,64604296.0
301060029,166,2028,11,64021252.0,61686576.0,64544580.0
301060029,167,2028,12,64021348.0,61712304.0,64485910.0
301060029,168,2029,1,63651190.0,61448664.0,64956376.0
301060029,169,2029,2,63826464.0,61797228.0,64987480.0
301060029,170,2029,3,63949504.0,62049076.0,64913708.0
301060029,171,2029,4,64027200.0,62221464.0,64816052.0
301060029,172,2029,5,64079564.0,62339624.0,64722710.0
301060029,173,2029,6,64118764.0,62423290.0,64645720.0
301060029,174,2029,7,64147304.0,62490716.0,64583224.0
301060029,175,2029,8,64171444.0,62550370.0,64536636.0
301060029,176,2029,9,64187050.0,62607228.0,64497720.0
301060029,177,2029,10,64195376.0,62649684.0,64460770.0
301060029,178,2029,11,64197810.0,62677156.0,64422100.0
301060029,179,2029,12,64197270.0,62694836.0,64383464.0
301060029,180,2030,1,66393536.0,64082748.0,67682150.0
301060029,181,2030,2,66572664.0,64453316.0,67699656.0
301060029,182,2030,3,66696620.0,64720188.0,67602860.0
301060029,183,2030,4,66771010.0,64897636.0,67482880.0
301060029,184,2030,5,66821164.0,65015984.0,67374296.0
301060029,185,2030,6,66857776.0,65099936.0,67286880.0
301060029,186,2030,7,66884416.0,65165660.0,67219384.0
301060029,187,2030,8,66907984.0,65227710.0,67168510.0
301060029,188,2030,9,66922780.0,65283416.0,67127290.0
301060029,189,2030,10,66930250.0,65328064.0,67090516.0
301060029,190,2030,11,66931892.0,65358280.0,67048396.0
301060029,191,2030,12,66931336.0,65375348.0,67009788.0
301060029,192,2031,1,65443256.0,64396120.0,65931270.0
301060029,193,2031,2,65519080.0,64566456.0,65938716.0
301060029,194,2031,3,65569828.0,64686444.0,65892780.0
301060029,195,2031,4,65599960.0,64764492.0,65836908.0
301060029,196,2031,5,65618116.0,64814956.0,65785516.0
301060029,197,2031,6,65631404.0,64850044.0,65745188.0
301060029,198,2031,7,65642268.0,64878370.0,65715172.0
301060029,199,2031,8,65651550.0,64904892.0,65693932.0
301060029,200,2031,9,65657724.0,64929940.0,65676710.0
301060029,201,2031,10,65660890.0,64949588.0,65659852.0
301060029,202,2031,11,65660464.0,64961924.0,65642536.0
301060029,203,2031,12,65660290.0,64971090.0,65625140.0
301060029,204,2032,1,67975590.0,66667664.0,68507910.0
301060029,205,2032,2,68069040.0,66887884.0,68515816.0
301060029,206,2032,3,68129200.0,67040616.0,68451070.0
301060029,207,2032,4,68162664.0,67136790.0,68376420.0
301060029,208,2032,5,68182584.0,67196560.0,68310490.0
301060029,209,2032,6,68196984.0,67238990.0,68256990.0
301060029,210,2032,7,68209336.0,67272180.0,68219544.0
301060029,211,2032,8,68219600.0,67304770.0,68192360.0
301060029,212,2032,9,68226430.0,67335000.0,68170100.0
301060029,213,2032,10,68229650.0,67359816.0,68151510.0
301060029,214,2032,11,68229624.0,67375416.0,68130340.0
301060029,215,2032,12,68227240.0,67384390.0,68109120.0
301060029,216,2033,1,67302210.0,66648700.0,67506410.0
301060029,217,2033,2,67344696.0,66756932.0,67509180.0
301060029,218,2033,3,67370850.0,66830116.0,67478040.0
301060029,219,2033,4,67384330.0,66874000.0,67442670.0
301060029,220,2033,5,67392936.0,66903000.0,67410940.0
301060029,221,2033,6,67398860.0,66922084.0,67386100.0
301060029,222,2033,7,67404370.0,66938324.0,67368270.0
301060029,223,2033,8,67408990.0,66953856.0,67355340.0
301060029,224,2033,9,67411960.0,66969116.0,67346060.0
301060029,225,2033,10,67413624.0,66981496.0,67336950.0
301060029,226,2033,11,67413140.0,66989376.0,67327176.0
301060029,227,2033,12,67412300.0,66994508.0,67316970.0
301060029,228,2034,1,68901980.0,68112904.0,69128216.0
301060029,229,2034,2,68954776.0,68252470.0,69130880.0
301060029,230,2034,3,68985730.0,68344490.0,69087320.0
301060029,231,2034,4,69002380.0,68401280.0,69039410.0
301060029,232,2034,5,69011704.0,68435080.0,68997480.0
301060029,233,2034,6,69017740.0,68458460.0,68964296.0
301060029,234,2034,7,69023910.0,68477464.0,68941416.0
301060029,235,2034,8,69029670.0,68496110.0,68926310.0
301060029,236,2034,9,69032580.0,68514440.0,68914456.0
301060029,237,2034,10,69034536.0,68529440.0,68904890.0
301060029,238,2034,11,69034240.0,68539300.0,68893680.0
301060029,239,2034,12,69032770.0,68544860.0,68880590.0
301060061,120,2025,1,60880370.0,48923950.0,71587090.0
301060061,121,2025,2,62226820.0,50438108.0,72763760.0
301060061,122,2025,3,63470000.0,51855172.0,73633720.0
301060061,123,2025,4,64551704.0,53124388.0,74235170.0
301060061,124,2025,5,65415364.0,54162596.0,74600776.0
301060061,125,2025,6,66085780.0,54976820.0,74836904.0
301060061,126,2025,7,66628800.0,55666050.0,75025470.0
301060061,127,2025,8,67084716.0,56286724.0,75217120.0
301060061,128,2025,9,67484104.0,56859824.0,75414990.0
301060061,129,2025,10,67761130.0,57295856.0,75523140.0
301060061,130,2025,11,67930930.0,57577828.0,75538590.0
301060061,131,2025,12,68036190.0,57764780.0,75492760.0
301060061,132,2026,1,68508670.0,57677456.0,77856550.0
301060061,133,2026,2,69860580.0,59247564.0,78923384.0
301060061,134,2026,3,71118024.0,60729416.0,79691540.0
301060061,135,2026,4,72157384.0,62003476.0,80172240.0
301060061,136,2026,5,72939660.0,62994744.0,80425130.0
301060061,137,2026,6,73529430.0,63752948.0,80574460.0
301060061,138,2026,7,73992536.0,64365530.0,80696610.0
301060061,139,2026,8,74373440.0,64903708.0,80822700.0
301060061,140,2026,9,74693960.0,65390564.0,80961060.0
301060061,141,2026,10,74910616.0,65746764.0,81035050.0
301060061,142,2026,11,75033910.0,65978344.0,81031096.0
301060061,143,2026,12,75109900.0,66124420.0,80985340.0
301060061,144,2027,1,71288450.0,65069836.0,76366820.0
301060061,145,2027,2,72016410.0,65966596.0,76862910.0
301060061,146,2027,3,72647630.0,66763280.0,77181576.0
301060061,147,2027,4,73153624.0,67425060.0,77365816.0
301060061,148,2027,5,73539680.0,67939140.0,77461680.0
301060061,149,2027,6,73830500.0,68331440.0,77515240.0
301060061,150,2027,7,74060170.0,68651810.0,77561870.0
301060061,151,2027,8,74255336.0,68938510.0,77619976.0
301060061,152,2027,9,74421816.0,69198050.0,77689960.0
301060061,153,2027,10,74531464.0,69392370.0,77722310.0
301060061,154,2027,11,74599256.0,69522410.0,77717220.0
301060061,155,2027,12,74638530.0,69607130.0,77686990.0
301060061,156,2028,1,74324856.0,68974184.0,78292530.0
301060061,157,2028,2,74981940.0,69832360.0,78755576.0
301060061,158,2028,3,75541000.0,70577470.0,79027400.0
301060061,159,2028,4,75973140.0,71171900.0,79169740.0
301060061,160,2028,5,76291530.0,71619890.0,79227560.0
301060061,161,2028,6,76526350.0,71952710.0,79252450.0
301060061,162,2028,7,76709624.0,72221880.0,79272024.0
301060061,163,2028,8,76864056.0,72459600.0,79306740.0
301060061,164,2028,9,76990300.0,72672776.0,79349096.0
301060061,165,2028,10,77077530.0,72834120.0,79366700.0
301060061,166,2028,11,77121720.0,72935144.0,79352010.0
301060061,167,2028,12,77149000.0,73000430.0,79319780.0
301060061,168,2029,1,76281420.0,71819540.0,79317250.0
301060061,169,2029,2,76805120.0,72543640.0,79673270.0
301060061,170,2029,3,77238230.0,73153070.0,79855280.0
301060061,171,2029,4,77556080.0,73618210.0,79928270.0
301060061,172,2029,5,77788984.0,73963550.0,79942330.0
301060061,173,2029,6,77957370.0,74218950.0,79936460.0
301060061,174,2029,7,78095300.0,74429710.0,79937820.0
301060061,175,2029,8,78207384.0,74612296.0,79950030.0
301060061,176,2029,9,78303030.0,74782340.0,79972080.0
301060061,177,2029,10,78366060.0,74908104.0,79977840.0
301060061,178,2029,11,78397540.0,74986520.0,79960130.0
301060061,179,2029,12,78413370.0,75035950.0,79925730.0
301060061,180,2030,1,76893880.0,72809840.0,79550870.0
301060061,181,2030,2,77401590.0,73542800.0,79875176.0
301060061,182,2030,3,77806820.0,74139016.0,80016860.0
301060061,183,2030,4,78095976.0,74581064.0,80048790.0
301060061,184,2030,5,78298856.0,74898744.0,80034230.0
301060061,185,2030,6,78446470.0,75128370.0,80008650.0
301060061,186,2030,7,78560230.0,75312020.0,79993220.0
301060061,187,2030,8,78655000.0,75473570.0,79988600.0
301060061,188,2030,9,78735590.0,75622376.0,79996820.0
301060061,189,2030,10,78784320.0,75730800.0,79992370.0
301060061,190,2030,11,78807820.0,75798480.0,79967144.0
301060061,191,2030,12,78816984.0,75837850.0,79933630.0
301060061,192,2031,1,77797470.0,75635360.0,79127704.0
301060061,193,2031,2,78061870.0,76026696.0,79290520.0
301060061,194,2031,3,78270000.0,76342840.0,79350456.0
301060061,195,2031,4,78415096.0,76572200.0,79356840.0
301060061,196,2031,5,78513330.0,76732830.0,79339096.0
301060061,197,2031,6,78586264.0,76850940.0,79320450.0
301060061,198,2031,7,78641944.0,76943576.0,79306280.0
301060061,199,2031,8,78688184.0,77023780.0,79303680.0
301060061,200,2031,9,78728640.0,77100380.0,79306950.0
301060061,201,2031,10,78755224.0,77155800.0,79306460.0
301060061,202,2031,11,78767464.0,77190820.0,79294220.0
301060061,203,2031,12,78773760.0,77212910.0,79275070.0
301060061,204,2032,1,78683030.0,76870130.0,79732150.0
301060061,205,2032,2,78904800.0,77205200.0,79864856.0
301060061,206,2032,3,79076410.0,77472140.0,79909180.0
301060061,207,2032,4,79193660.0,77662610.0,79909740.0
301060061,208,2032,5,79272140.0,77794410.0,79893580.0
301060061,209,2032,6,79329150.0,77889320.0,79875410.0
301060061,210,2032,7,79373976.0,77963336.0,79864930.0
301060061,211,2032,8,79412780.0,78031770.0,79862030.0
301060061,212,2032,9,79446060.0,78093000.0,79866584.0
301060061,213,2032,10,79468020.0,78138800.0,79867270.0
301060061,214,2032,11,79478264.0,78166980.0,79858950.0
301060061,215,2032,12,79483890.0,78184740.0,79845640.0
301060061,216,2033,1,78896420.0,77947656.0,79415000.0
301060061,217,2033,2,79012810.0,78127624.0,79482216.0
301060061,218,2033,3,79101256.0,78269060.0,79502470.0
301060061,219,2033,4,79159940.0,78367224.0,79500584.0
301060061,220,2033,5,79199096.0,78434616.0,79489990.0
301060061,221,2033,6,79227016.0,78482410.0,79479160.0
301060061,222,2033,7,79248290.0,78519280.0,79472440.0
301060061,223,2033,8,79268150.0,78553980.0,79470940.0
301060061,224,2033,9,79284750.0,78584856.0,79473480.0
301060061,225,2033,10,79296100.0,78608320.0,79474620.0
301060061,226,2033,11,79302050.0,78623750.0,79470910.0
301060061,227,2033,12,79304110.0,78632180.0,79464240.0
301060061,228,2034,1,79251820.0,78629010.0,79581250.0
301060061,229,2034,2,79327860.0,78750024.0,79623570.0
301060061,230,2034,3,79385730.0,78844660.0,79634264.0
301060061,231,2034,4,79423180.0,78909680.0,79629304.0
301060061,232,2034,5,79447670.0,78952740.0,79620264.0
301060061,233,2034,6,79464850.0,78983450.0,79611680.0
301060061,234,2034,7,79478720.0,79007400.0,79606460.0
301060061,235,2034,8,79490910.0,79028800.0,79605540.0
301060061,236,2034,9,79501310.0,79048920.0,79606936.0
301060061,237,2034,10,79508536.0,79063550.0,79607920.0
301060061,238,2034,11,79512610.0,79073736.0,79605976.0
301060061,239,2034,12,79514504.0,79079730.0,79602270.0
301060096,120,2025,1,105661550.0,89708100.0,125567624.0
301060096,121,2025,2,107209130.0,91601470.0,127231690.0
301060096,122,2025,3,108687944.0,93422290.0,128206056.0
301060096,123,2025,4,110065970.0,95153140.0,128689190.0
301060096,124,2025,5,111296300.0,96694584.0,128844130.0
301060096,125,2025,6,112368056.0,98031260.0,128810740.0
301060096,126,2025,7,113308376.0,99269190.0,128694230.0
301060096,127,2025,8,114137630.0,100482580.0,128505940.0
301060096,128,2025,9,114856920.0,101648800.0,128290100.0
301060096,129,2025,10,115382020.0,102552920.0,127963150.0
301060096,130,2025,11,115762880.0,103195800.0,127560130.0
301060096,131,2025,12,116054160.0,103634730.0,127151820.0
301060096,132,2026,1,117149290.0,101790824.0,133748610.0
301060096,133,2026,2,119360660.0,104673840.0,135701650.0
301060096,134,2026,3,121167960.0,107052020.0,136738430.0
301060096,135,2026,4,122640920.0,109012264.0,137196900.0
301060096,136,2026,5,123806340.0,110559380.0,137286480.0
301060096,137,2026,6,124753600.0,111828450.0,137202050.0
301060096,138,2026,7,125533460.0,112926030.0,137058430.0
301060096,139,2026,8,126213150.0,113968504.0,136885310.0
301060096,140,2026,9,126772456.0,114947016.0,136687840.0
301060096,141,2026,10,127177496.0,115695864.0,136431490.0
301060096,142,2026,11,127448950.0,116193310.0,136107520.0
301060096,143,2026,12,127654500.0,116548440.0,135758140.0
301060096,144,2027,1,116839680.0,107152310.0,126744030.0
301060096,145,2027,2,118577910.0,109440970.0,127799630.0
301060096,146,2027,3,119972840.0,111311630.0,128382220.0
301060096,147,2027,4,121028300.0,112775200.0,128634664.0
301060096,148,2027,5,121806390.0,113870780.0,128681030.0
301060096,149,2027,6,122381390.0,114692500.0,128627380.0
301060096,150,2027,7,122843720.0,115365370.0,128568540.0
301060096,151,2027,8,123227600.0,115980780.0,128503050.0
301060096,152,2027,9,123554080.0,116542456.0,128454020.0
301060096,153,2027,10,123796216.0,116987530.0,128360720.0
301060096,154,2027,11,123968880.0,117304110.0,128227130.0
301060096,155,2027,12,124097430.0,117530170.0,128070570.0
301060096,156,2028,1,127322380.0,119714010.0,134924200.0
301060096,157,2028,2,128353060.0,121321280.0,135508060.0
301060096,158,2028,3,129125256.0,122538104.0,135644350.0
301060096,159,2028,4,129686600.0,123444180.0,135558060.0
301060096,160,2028,5,130092780.0,124102136.0,135359760.0
301060096,161,2028,6,130409060.0,124609980.0,135156930.0
301060096,162,2028,7,130659280.0,125032640.0,134967230.0
301060096,163,2028,8,130870140.0,125423930.0,134802080.0
301060096,164,2028,9,131039550.0,125788410.0,134655900.0
301060096,165,2028,10,131164904.0,126080190.0,134493250.0
301060096,166,2028,11,131246130.0,126278260.0,134316460.0
301060096,167,2028,12,131305920.0,126420730.0,134135416.0
301060096,168,2029,1,129092640.0,124168850.0,133961760.0
301060096,169,2029,2,129575330.0,125015310.0,134120740.0
301060096,170,2029,3,129950970.0,125663096.0,134041200.0
301060096,171,2029,4,130228920.0,126151350.0,133873304.0
301060096,172,2029,5,130437580.0,126519600.0,133676290.0
301060096,173,2029,6,130601190.0,126803670.0,133502060.0
301060096,174,2029,7,130741370.0,127054680.0,133351920.0
301060096,175,2029,8,130861890.0,127290456.0,133228530.0
301060096,176,2029,9,130957880.0,127514120.0,133121280.0
301060096,177,2029,10,131025070.0,127691096.0,133005420.0
301060096,178,2029,11,131069170.0,127816220.0,132882660.0
301060096,179,2029,12,131097740.0,127900120.0,132754216.0
301060096,180,2030,1,133556660.0,128897270.0,138128060.0
301060096,181,2030,2,133954024.0,129637140.0,138162340.0
301060096,182,2030,3,134275040.0,130225940.0,137996100.0
301060096,183,2030,4,134508960.0,130662790.0,137762880.0
301060096,184,2030,5,134683800.0,130986780.0,137531970.0
301060096,185,2030,6,134823400.0,131242230.0,137334060.0
301060096,186,2030,7,134939890.0,131458900.0,137178690.0
301060096,187,2030,8,135040370.0,131669240.0,137047360.0
301060096,188,2030,9,135122560.0,131869310.0,136935580.0
301060096,189,2030,10,135175820.0,132031100.0,136822500.0
301060096,190,2030,11,135212020.0,132142424.0,136701630.0
301060096,191,2030,12,135239650.0,132220936.0,136583920.0
301060096,192,2031,1,133713180.0,130900424.0,136082510.0
301060096,193,2031,2,133953380.0,131371576.0,136120350.0
301060096,194,2031,3,134136740.0,131730824.0,136020850.0
301060096,195,2031,4,134267310.0,131991710.0,135885390.0
301060096,196,2031,5,134358860.0,132179220.0,135743660.0
301060096,197,2031,6,134430910.0,132322696.0,135624750.0
301060096,198,2031,7,134494160.0,132447040.0,135532020.0
301060096,199,2031,8,134547260.0,132564584.0,135460780.0
301060096,200,2031,9,134591970.0,132678580.0,135399950.0
301060096,201,2031,10,134621580.0,132768260.0,135339580.0
301060096,202,2031,11,134638660.0,132829550.0,135273570.0
301060096,203,2031,12,134649220.0,132871690.0,135203540.0
301060096,204,2032,1,137287550.0,134155224.0,139622580.0
301060096,205,2032,2,137560140.0,134710480.0,139671140.0
301060096,206,2032,3,137762880.0,135125660.0,139552770.0
301060096,207,2032,4,137899140.0,135415280.0,139391500.0
301060096,208,2032,5,137990930.0,135616320.0,139230160.0
301060096,209,2032,6,138066740.0,135771470.0,139097420.0
301060096,210,2032,7,138127890.0,135899120.0,138998800.0
301060096,211,2032,8,138180600.0,136022020.0,138918030.0
301060096,212,2032,9,138224980.0,136141550.0,138855260.0
301060096,213,2032,10,138254320.0,136236340.0,138795600.0
301060096,214,2032,11,138271060.0,136300350.0,138726020.0
301060096,215,2032,12,138279020.0,136341470.0,138654830.0
301060096,216,2033,1,136149870.0,134727950.0,137077310.0
301060096,217,2033,2,136273820.0,134989390.0,137101020.0
301060096,218,2033,3,136361660.0,135179580.0,137047170.0
301060096,219,2033,4,136417540.0,135307550.0,136972590.0
301060096,220,2033,5,136455280.0,135394610.0,136899440.0
301060096,221,2033,6,136484320.0,135459600.0,136840160.0
301060096,222,2033,7,136509570.0,135514240.0,136795140.0
301060096,223,2033,8,136531840.0,135567250.0,136761890.0
301060096,224,2033,9,136550820.0,135618930.0,136736850.0
301060096,225,2033,10,136562930.0,135660050.0,136711800.0
301060096,226,2033,11,136569250.0,135687840.0,136683620.0
301060096,227,2033,12,136572130.0,135704320.0,136654030.0
301060096,228,2034,1,138844180.0,137171800.0,139822300.0
301060096,229,2034,2,138991890.0,137492030.0,139848880.0
301060096,230,2034,3,139093230.0,137721220.0,139779820.0
301060096,231,2034,4,139157020.0,137873120.0,139686430.0
301060096,232,2034,5,139198670.0,137972930.0,139598860.0
301060096,233,2034,6,139229230.0,138045570.0,139526850.0
301060096,234,2034,7,139256290.0,138106340.0,139472700.0
301060096,235,2034,8,139280620.0,138166110.0,139436240.0
301060096,236,2034,9,139300910.0,138225060.0,139408560.0
301060096,237,2034,10,139313280.0,138269180.0,139383120.0
301060096,238,2034,11,139320300.0,138300530.0,139352240.0
301060096,239,2034,12,139323230.0,138320110.0,139319890.0
301070075,120,2025,1,21381466.0,17722376.0,24795678.0
301070075,121,2025,2,21806876.0,18285982.0,25121502.0
301070075,122,2025,3,22165650.0,18767686.0,25270332.0
301070075,123,2025,4,22454158.0,19168338.0,25309178.0
301070075,124,2025,5,22679064.0,19485888.0,25285976.0
301070075,125,2025,6,22852078.0,19734526.0,25243580.0
301070075,126,2025,7,22989018.0,19940988.0,25200368.0
301070075,127,2025,8,23097852.0,20120052.0,25164074.0
301070075,128,2025,9,23181372.0,20277154.0,25130274.0
301070075,129,2025,10,23239046.0,20393554.0,25091944.0
301070075,130,2025,11,23273014.0,20468322.0,25041122.0
301070075,131,2025,12,23298056.0,20518832.0,24989954.0
301070075,132,2026,1,21836354.0,19622864.0,23695862.0
301070075,133,2026,2,22119410.0,20016226.0,23899182.0
301070075,134,2026,3,22343754.0,20337584.0,23969466.0
301070075,135,2026,4,22511734.0,20587930.0,23967520.0
301070075,136,2026,5,22633124.0,20773576.0,23932372.0
301070075,137,2026,6,22721474.0,20911664.0,23891588.0
301070075,138,2026,7,22788542.0,21021024.0,23856868.0
301070075,139,2026,8,22842382.0,21115494.0,23829854.0
301070075,140,2026,9,22881980.0,21196592.0,23808496.0
301070075,141,2026,10,22907866.0,21254872.0,23785810.0
301070075,142,2026,11,22923132.0,21293600.0,23756556.0
301070075,143,2026,12,22932254.0,21317726.0,23726360.0
301070075,144,2027,1,23403604.0,21359222.0,24935674.0
301070075,145,2027,2,23649278.0,21712938.0,25102460.0
301070075,146,2027,3,23841506.0,22001820.0,25144570.0
301070075,147,2027,4,23982984.0,22223596.0,25129600.0
301070075,148,2027,5,24082906.0,22384316.0,25089486.0
301070075,149,2027,6,24155626.0,22504680.0,25047698.0
301070075,150,2027,7,24211492.0,22599398.0,25013726.0
301070075,151,2027,8,24255844.0,22680732.0,24989214.0
301070075,152,2027,9,24288392.0,22749774.0,24970038.0
301070075,153,2027,10,24309404.0,22800800.0,24951012.0
301070075,154,2027,11,24321384.0,22834100.0,24927288.0
301070075,155,2027,12,24328168.0,22855732.0,24901540.0
301070075,156,2028,1,24295800.0,22636914.0,25411632.0
301070075,157,2028,2,24471936.0,22917598.0,25530248.0
301070075,158,2028,3,24603902.0,23136112.0,25543232.0
301070075,159,2028,4,24697944.0,23297608.0,25514672.0
301070075,160,2028,5,24765382.0,23415768.0,25472682.0
301070075,161,2028,6,24813630.0,23502298.0,25433818.0
301070075,162,2028,7,24852098.0,23572446.0,25402702.0
301070075,163,2028,8,24882058.0,23632416.0,25379886.0
301070075,164,2028,9,24904680.0,23685318.0,25364024.0
301070075,165,2028,10,24919296.0,23724446.0,25347786.0
301070075,166,2028,11,24925914.0,23748860.0,25326824.0
301070075,167,2028,12,24930088.0,23764632.0,25305096.0
301070075,168,2029,1,25281712.0,23923916.0,26171022.0
301070075,169,2029,2,25410228.0,24147770.0,26239618.0
301070075,170,2029,3,25508416.0,24321364.0,26223478.0
301070075,171,2029,4,25574196.0,24445946.0,26180094.0
301070075,172,2029,5,25621408.0,24535366.0,26132646.0
301070075,173,2029,6,25656062.0,24600268.0,26092364.0
301070075,174,2029,7,25682658.0,24652676.0,26061492.0
301070075,175,2029,8,25704010.0,24698588.0,26039362.0
301070075,176,2029,9,25720086.0,24740086.0,26023130.0
301070075,177,2029,10,25728816.0,24769938.0,26007084.0
301070075,178,2029,11,25734360.0,24789948.0,25989202.0
301070075,179,2029,12,25735734.0,24801990.0,25969042.0
301070075,180,2030,1,25217882.0,24507450.0,25665120.0
301070075,181,2030,2,25281884.0,24626434.0,25690458.0
301070075,182,2030,3,25329044.0,24716576.0,25672150.0
301070075,183,2030,4,25360260.0,24779700.0,25641312.0
301070075,184,2030,5,25382056.0,24823818.0,25611400.0
301070075,185,2030,6,25397124.0,24855088.0,25586810.0
301070075,186,2030,7,25409260.0,24879942.0,25568740.0
301070075,187,2030,8,25419086.0,24902812.0,25555764.0
301070075,188,2030,9,25426774.0,24923358.0,25546602.0
301070075,189,2030,10,25431142.0,24939116.0,25538176.0
301070075,190,2030,11,25432888.0,24949208.0,25528062.0
301070075,191,2030,12,25433758.0,24955304.0,25517980.0
301070075,192,2031,1,26181412.0,25378852.0,26601924.0
301070075,193,2031,2,26253322.0,25518020.0,26635090.0
301070075,194,2031,3,26304870.0,25621486.0,26614848.0
301070075,195,2031,4,26337662.0,25692218.0,26579316.0
301070075,196,2031,5,26359076.0,25740032.0,26544540.0
301070075,197,2031,6,26375154.0,25774344.0,26517088.0
301070075,198,2031,7,26387134.0,25801288.0,26496562.0
301070075,199,2031,8,26397056.0,25825196.0,26483308.0
301070075,200,2031,9,26404828.0,25848032.0,26474296.0
301070075,201,2031,10,26409244.0,25864450.0,26466024.0
301070075,202,2031,11,26410814.0,25874802.0,26455688.0
301070075,203,2031,12,26411670.0,25882030.0,26445100.0
301070075,204,2032,1,26030722.0,25594258.0,26219962.0
301070075,205,2032,2,26069554.0,25672394.0,26239032.0
301070075,206,2032,3,26095692.0,25728116.0,26227428.0
301070075,207,2032,4,26111496.0,25765410.0,26207892.0
301070075,208,2032,5,26121644.0,25789822.0,26189112.0
301070075,209,2032,6,26128996.0,25807226.0,26173814.0
301070075,210,2032,7,26134824.0,25820956.0,26163232.0
301070075,211,2032,8,26140110.0,25834070.0,26156420.0
301070075,212,2032,9,26143856.0,25845802.0,26152136.0
301070075,213,2032,10,26146364.0,25854830.0,26148370.0
301070075,214,2032,11,26147036.0,25860422.0,26143212.0
301070075,215,2032,12,26146742.0,25863634.0,26137708.0
301070075,216,2033,1,26530006.0,26133944.0,26685136.0
301070075,217,2033,2,26565518.0,26207992.0,26702446.0
301070075,218,2033,3,26589004.0,26260292.0,26688912.0
301070075,219,2033,4,26602676.0,26294226.0,26668854.0
301070075,220,2033,5,26611320.0,26316216.0,26649812.0
301070075,221,2033,6,26617572.0,26331714.0,26635356.0
301070075,222,2033,7,26622276.0,26343550.0,26624980.0
301070075,223,2033,8,26626666.0,26355070.0,26618628.0
301070075,224,2033,9,26629962.0,26365598.0,26614984.0
301070075,225,2033,10,26631860.0,26373514.0,26611664.0
301070075,226,2033,11,26632488.0,26378756.0,26607550.0
301070075,227,2033,12,26632380.0,26381480.0,26602728.0
301070075,228,2034,1,26548990.0,26287016.0,26630392.0
301070075,229,2034,2,26571942.0,26336796.0,26641846.0
301070075,230,2034,3,26586158.0,26370756.0,26633280.0
301070075,231,2034,4,26594216.0,26392416.0,26620250.0
301070075,232,2034,5,26599206.0,26406142.0,26608222.0
301070075,233,2034,6,26602508.0,26415778.0,26598562.0
301070075,234,2034,7,26605616.0,26423604.0,26592176.0
301070075,235,2034,8,26608166.0,26430734.0,26588420.0
301070075,236,2034,9,26610326.0,26437828.0,26586386.0
301070075,237,2034,10,26611640.0,26442918.0,26584808.0
301070075,238,2034,11,26612032.0,26446344.0,26582284.0
301070075,239,2034,12,26611722.0,26448046.0,26579032.0
305010107,120,2025,1,314270270.0,293558560.0,354302850.0
305010107,121,2025,2,316065820.0,295983040.0,354906720.0
305010107,122,2025,3,317690240.0,298091680.0,354775070.0
305010107,123,2025,4,319106340.0,299919900.0,354295300.0
305010107,124,2025,5,320349100.0,301488770.0,353677570.0
305010107,125,2025,6,321425730.0,302797250.0,353123550.0
305010107,126,2025,7,322381250.0,304051260.0,352667600.0
305010107,127,2025,8,323265380.0,305368640.0,352240480.0
305010107,128,2025,9,324033540.0,306711000.0,351802560.0
305010107,129,2025,10,324641060.0,307834980.0,351305400.0
305010107,130,2025,11,325139780.0,308677600.0,350760060.0
305010107,131,2025,12,325536300.0,309272100.0,350204800.0
305010107,132,2026,1,356312000.0,329963070.0,402527740.0
305010107,133,2026,2,358925900.0,333856960.0,403172030.0
305010107,134,2026,3,361153920.0,337025600.0,402763520.0
305010107,135,2026,4,362973920.0,339581500.0,401836670.0
305010107,136,2026,5,364452260.0,341616600.0,400799500.0
305010107,137,2026,6,365662340.0,343246430.0,399830100.0
305010107,138,2026,7,366711780.0,344723330.0,399026560.0
305010107,139,2026,8,367643840.0,346216000.0,398333950.0
305010107,140,2026,9,368391680.0,347683650.0,397671870.0
305010107,141,2026,10,368985020.0,348925200.0,396977020.0
305010107,142,2026,11,369446460.0,349809800.0,396256640.0
305010107,143,2026,12,369822850.0,350444400.0,395534980.0
305010107,144,2027,1,357118850.0,340828220.0,383953440.0
305010107,145,2027,2,358413900.0,342861380.0,383924930.0
305010107,146,2027,3,359539600.0,344542370.0,383377570.0
305010107,147,2027,4,360477860.0,345938100.0,382655680.0
305010107,148,2027,5,361263040.0,347072700.0,381880260.0
305010107,149,2027,6,361943420.0,348030460.0,381219680.0
305010107,150,2027,7,362527420.0,348900380.0,380673250.0
305010107,151,2027,8,363050000.0,349800450.0,380196860.0
305010107,152,2027,9,363501820.0,350714980.0,379780770.0
305010107,153,2027,10,363835700.0,351455680.0,379329540.0
305010107,154,2027,11,364109120.0,352021540.0,378862820.0
305010107,155,2027,12,364329800.0,352428960.0,378360400.0
305010107,156,2028,1,375755230.0,361165470.0,398068740.0
305010107,157,2028,2,376792320.0,362994900.0,398033200.0
305010107,158,2028,3,377694370.0,364486270.0,397473760.0
305010107,159,2028,4,378453820.0,365701570.0,396725730.0
305010107,160,2028,5,379085540.0,366676000.0,395964320.0
305010107,161,2028,6,379626080.0,367482530.0,395346560.0
305010107,162,2028,7,380109900.0,368224260.0,394840960.0
305010107,163,2028,8,380531420.0,368987400.0,394418240.0
305010107,164,2028,9,380897600.0,369751330.0,394046600.0
305010107,165,2028,10,381176200.0,370415200.0,393650200.0
305010107,166,2028,11,381381440.0,370884400.0,393210140.0
305010107,167,2028,12,381558500.0,371239100.0,392776770.0
305010107,168,2029,1,378963840.0,368520830.0,393889440.0
305010107,169,2029,2,379651620.0,369827650.0,393843460.0
305010107,170,2029,3,380246370.0,370863040.0,393384960.0
305010107,171,2029,4,380723330.0,371686850.0,392800600.0
305010107,172,2029,5,381126750.0,372350500.0,392241470.0
305010107,173,2029,6,381470900.0,372884000.0,391772500.0
305010107,174,2029,7,381780740.0,373382240.0,391397120.0
305010107,175,2029,8,382066720.0,373899070.0,391111260.0
305010107,176,2029,9,382304600.0,374426400.0,390842530.0
305010107,177,2029,10,382475070.0,374866140.0,390565250.0
305010107,178,2029,11,382605860.0,375195520.0,390257380.0
305010107,179,2029,12,382716200.0,375439040.0,389953120.0
305010107,180,2030,1,393117060.0,381163000.0,409347260.0
305010107,181,2030,2,393901280.0,382722400.0,409243040.0
305010107,182,2030,3,394564350.0,383946530.0,408645150.0
305010107,183,2030,4,395088060.0,384889760.0,407904030.0
305010107,184,2030,5,395506660.0,385608700.0,407205600.0
305010107,185,2030,6,395875000.0,386203170.0,406643330.0
305010107,186,2030,7,396203420.0,386742750.0,406209150.0
305010107,187,2030,8,396501820.0,387306850.0,405872700.0
305010107,188,2030,9,396748350.0,387875650.0,405565800.0
305010107,189,2030,10,396931650.0,388370200.0,405266940.0
305010107,190,2030,11,397078620.0,388747300.0,404926750.0
305010107,191,2030,12,397184480.0,389005280.0,404571000.0
305010107,192,2031,1,387095900.0,382336420.0,393014720.0
305010107,193,2031,2,387391900.0,382982600.0,392954300.0
305010107,194,2031,3,387640960.0,383482370.0,392689700.0
305010107,195,2031,4,387827330.0,383850370.0,392368700.0
305010107,196,2031,5,387977920.0,384128740.0,392074940.0
305010107,197,2031,6,388107070.0,384349860.0,391836380.0
305010107,198,2031,7,388220770.0,384553630.0,391658270.0
305010107,199,2031,8,388326340.0,384759970.0,391521540.0
305010107,200,2031,9,388414880.0,384976220.0,391407500.0
305010107,201,2031,10,388478100.0,385159360.0,391290780.0
305010107,202,2031,11,388523330.0,385295680.0,391161300.0
305010107,203,2031,12,388558940.0,385396670.0,391018620.0
305010107,204,2032,1,400385120.0,394138430.0,407622340.0
305010107,205,2032,2,400768420.0,395038100.0,407523500.0
305010107,206,2032,3,401083970.0,395719260.0,407121860.0
305010107,207,2032,4,401314050.0,396203000.0,406673630.0
305010107,208,2032,5,401484740.0,396553120.0,406253730.0
305010107,209,2032,6,401642080.0,396835230.0,405927330.0
305010107,210,2032,7,401775300.0,397082880.0,405689470.0
305010107,211,2032,8,401901980.0,397344450.0,405501920.0
305010107,212,2032,9,402008830.0,397614430.0,405358240.0
305010107,213,2032,10,402079580.0,397841760.0,405206700.0
305010107,214,2032,11,402131870.0,398010940.0,405046560.0
305010107,215,2032,12,402166820.0,398128130.0,404871330.0
305010107,216,2033,1,397437820.0,394253700.0,400718820.0
305010107,217,2033,2,397609600.0,394698460.0,400665440.0
305010107,218,2033,3,397746940.0,395026460.0,400469280.0
305010107,219,2033,4,397841380.0,395251140.0,400241300.0
305010107,220,2033,5,397917250.0,395416960.0,400038800.0
305010107,221,2033,6,397983420.0,395547330.0,399875230.0
305010107,222,2033,7,398044800.0,395664500.0,399756400.0
305010107,223,2033,8,398104030.0,395792030.0,399669760.0
305010107,224,2033,9,398151800.0,395924480.0,399599650.0
305010107,225,2033,10,398187800.0,396038720.0,399535500.0
305010107,226,2033,11,398208480.0,396122080.0,399456300.0
305010107,227,2033,12,398225120.0,396179970.0,399368060.0
305010107,228,2034,1,405045500.0,401311870.0,408692300.0
305010107,229,2034,2,405255200.0,401886900.0,408617470.0
305010107,230,2034,3,405422050.0,402305540.0,408350530.0
305010107,231,2034,4,405532670.0,402589400.0,408051330.0
305010107,232,2034,5,405618020.0,402788160.0,407787940.0
305010107,233,2034,6,405687650.0,402938660.0,407578240.0
305010107,234,2034,7,405754720.0,403073250.0,407428540.0
305010107,235,2034,8,405817700.0,403213950.0,407325220.0
305010107,236,2034,9,405866140.0,403361950.0,407243840.0
305010107,237,2034,10,405902370.0,403486500.0,407174200.0
305010107,238,2034,11,405924130.0,403578430.0,407083170.0
305010107,239,2034,12,405939840.0,403644000.0,406988930.0
405050372,120,2025,1,63580280.0,45924610.0,74762060.0
405050372,121,2025,2,64776316.0,47173780.0,77180910.0
405050372,122,2025,3,66266496.0,48948224.0,78817020.0
405050372,123,2025,4,67783300.0,50855764.0,79877300.0
405050372,124,2025,5,69173990.0,52634516.0,80490840.0
405050372,125,2025,6,70388536.0,54223436.0,80876680.0
405050372,126,2025,7,71432424.0,55657710.0,81136850.0
405050372,127,2025,8,72332790.0,56988268.0,81335320.0
405050372,128,2025,9,73057610.0,58186604.0,81462460.0
405050372,129,2025,10,73576984.0,59089730.0,81446770.0
405050372,130,2025,11,73911180.0,59703424.0,81287390.0
405050372,131,2025,12,74146584.0,60130452.0,81073180.0
405050372,132,2026,1,82527490.0,64073252.0,92331180.0
405050372,133,2026,2,83809650.0,65418652.0,94835780.0
405050372,134,2026,3,85274860.0,67192660.0,96395380.0
405050372,135,2026,4,86702340.0,69042800.0,97329140.0
405050372,136,2026,5,87981224.0,70752920.0,97815680.0
405050372,137,2026,6,89086776.0,72258130.0,98100340.0
405050372,138,2026,7,90013550.0,73573460.0,98292720.0
405050372,139,2026,8,90811530.0,74806300.0,98438180.0
405050372,140,2026,9,91475740.0,75914260.0,98570070.0
405050372,141,2026,10,91936640.0,76739920.0,98571600.0
405050372,142,2026,11,92227220.0,77296220.0,98427340.0
405050372,143,2026,12,92428184.0,77679330.0,98216540.0
405050372,144,2027,1,86716880.0,71753020.0,97316504.0
405050372,145,2027,2,88804504.0,74805544.0,98492700.0
405050372,146,2027,3,90366696.0,77217730.0,98752830.0
405050372,147,2027,4,91441760.0,78986660.0,98576420.0
405050372,148,2027,5,92198780.0,80274376.0,98251250.0
405050372,149,2027,6,92758800.0,81229310.0,97951950.0
405050372,150,2027,7,93201280.0,82005410.0,97734910.0
405050372,151,2027,8,93568220.0,82697470.0,97610920.0
405050372,152,2027,9,93867860.0,83314350.0,97548670.0
405050372,153,2027,10,94077550.0,83793224.0,97474540.0
405050372,154,2027,11,94210904.0,84115730.0,97351770.0
405050372,155,2027,12,94295770.0,84333390.0,97183550.0
405050372,156,2028,1,95178070.0,82793510.0,102606250.0
405050372,157,2028,2,96678190.0,85166540.0,103472830.0
405050372,158,2028,3,97767096.0,86982990.0,103588880.0
405050372,159,2028,4,98501020.0,88299460.0,103379620.0
405050372,160,2028,5,99014720.0,89244690.0,103081810.0
405050372,161,2028,6,99405256.0,89955160.0,102827720.0
405050372,162,2028,7,99719910.0,90537976.0,102647720.0
405050372,163,2028,8,99989530.0,91074056.0,102551190.0
405050372,164,2028,9,100219680.0,91559270.0,102520830.0
405050372,165,2028,10,100375790.0,91935430.0,102459820.0
405050372,166,2028,11,100472640.0,92190776.0,102368240.0
405050372,167,2028,12,100536296.0,92366380.0,102241176.0
405050372,168,2029,1,99061930.0,89466530.0,104203420.0
405050372,169,2029,2,100167110.0,91299784.0,104826900.0
405050372,170,2029,3,100934056.0,92677000.0,104836070.0
405050372,171,2029,4,101436950.0,93641310.0,104630584.0
405050372,172,2029,5,101781970.0,94324890.0,104369360.0
405050372,173,2029,6,102041430.0,94830616.0,104155940.0
405050372,174,2029,7,102247700.0,95241976.0,104001950.0
405050372,175,2029,8,102444930.0,95628270.0,103931720.0
405050372,176,2029,9,102610210.0,95990536.0,103910670.0
405050372,177,2029,10,102722750.0,96267330.0,103878750.0
405050372,178,2029,11,102801350.0,96462376.0,103813550.0
405050372,179,2029,12,102842040.0,96590790.0,103713920.0
405050372,180,2030,1,103618300.0,94247020.0,108172700.0
405050372,181,2030,2,104651070.0,96048570.0,108726970.0
405050372,182,2030,3,105345920.0,97365310.0,108671110.0
405050372,183,2030,4,105782790.0,98274216.0,108412570.0
405050372,184,2030,5,106080560.0,98901090.0,108128040.0
405050372,185,2030,6,106302250.0,99361700.0,107895660.0
405050372,186,2030,7,106476300.0,99735170.0,107734580.0
405050372,187,2030,8,106649650.0,100094616.0,107660130.0
405050372,188,2030,9,106801940.0,100427590.0,107638560.0
405050372,189,2030,10,106909096.0,100696210.0,107617704.0
405050372,190,2030,11,106982800.0,100884600.0,107552660.0
405050372,191,2030,12,107025330.0,101006010.0,107481496.0
405050372,192,2031,1,103665064.0,99010776.0,105691640.0
405050372,193,2031,2,104153784.0,99903290.0,105952260.0
405050372,194,2031,3,104468420.0,100542110.0,105904250.0
405050372,195,2031,4,104662010.0,100973430.0,105766584.0
405050372,196,2031,5,104791816.0,101270560.0,105618760.0
405050372,197,2031,6,104887384.0,101484584.0,105500570.0
405050372,198,2031,7,104969780.0,101663510.0,105424710.0
405050372,199,2031,8,105045790.0,101828400.0,105390480.0
405050372,200,2031,9,105119256.0,101992670.0,105388060.0
405050372,201,2031,10,105172520.0,102120770.0,105383340.0
405050372,202,2031,11,105206760.0,102207896.0,105361896.0
405050372,203,2031,12,105227940.0,102270280.0,105324660.0
405050372,204,2032,1,107569650.0,103396100.0,109170700.0
405050372,205,2032,2,107992904.0,104205730.0,109394830.0
405050372,206,2032,3,108258000.0,104777496.0,109332510.0
405050372,207,2032,4,108412760.0,105150664.0,109195180.0
405050372,208,2032,5,108514400.0,105400320.0,109055064.0
405050372,209,2032,6,108588630.0,105580160.0,108942690.0
405050372,210,2032,7,108652536.0,105724700.0,108872330.0
405050372,211,2032,8,108716700.0,105869960.0,108841660.0
405050372,212,2032,9,108778740.0,106008590.0,108841670.0
405050372,213,2032,10,108825610.0,106122670.0,108840984.0
405050372,214,2032,11,108856900.0,106202376.0,108824650.0
405050372,215,2032,12,108873390.0,106253340.0,108798850.0
405050372,216,2033,1,107331060.0,105099190.0,108063200.0
405050372,217,2033,2,107547000.0,105533790.0,108176424.0
405050372,218,2033,3,107678360.0,105833340.0,108139010.0
405050372,219,2033,4,107752860.0,106024300.0,108061640.0
405050372,220,2033,5,107799510.0,106148090.0,107983770.0
405050372,221,2033,6,107833120.0,106237100.0,107923390.0
405050372,222,2033,7,107865064.0,106311130.0,107887624.0
405050372,223,2033,8,107896370.0,106383720.0,107870696.0
405050372,224,2033,9,107927180.0,106456820.0,107872430.0
405050372,225,2033,10,107951980.0,106516270.0,107874984.0
405050372,226,2033,11,107967610.0,106559280.0,107869410.0
405050372,227,2033,12,107975600.0,106586010.0,107853080.0
405050372,228,2034,1,109119890.0,107255500.0,109677960.0
405050372,229,2034,2,109296540.0,107624320.0,109768120.0
405050372,230,2034,3,109400340.0,107874370.0,109728770.0
405050372,231,2034,4,109459200.0,108032050.0,109655170.0
405050372,232,2034,5,109493480.0,108131810.0,109586264.0
405050372,233,2034,6,109518856.0,108203830.0,109532300.0
405050372,234,2034,7,109542170.0,108262424.0,109499190.0
405050372,235,2034,8,109567656.0,108320090.0,109487020.0
405050372,236,2034,9,109592590.0,108381460.0,109489240.0
405050372,237,2034,10,109613320.0,108430890.0,109493544.0
405050372,238,2034,11,109627100.0,108466420.0,109489064.0
405050372,239,2034,12,109635090.0,108489760.0,109479010.0
