PROC_REA,time_idx,Ano,Mes,Valor_Previsto_Mediana,Valor_Melhor_Cenario,Valor_Pior_Cenario
303010037,120,2025,1,131435520.0,95051580.0,188108290.0
303010037,121,2025,2,132120430.0,95481690.0,188078510.0
303010037,122,2025,3,132723080.0,95980344.0,187892780.0
303010037,123,2025,4,133265160.0,96429544.0,187747330.0
303010037,124,2025,5,133751540.0,96772984.0,187739800.0
303010037,125,2025,6,134133980.0,96949416.0,187974160.0
303010037,126,2025,7,134331120.0,96922240.0,188473540.0
303010037,127,2025,8,134305250.0,96720390.0,189003440.0
303010037,128,2025,9,134147800.0,96473880.0,189411600.0
303010037,129,2025,10,133908270.0,96223030.0,189666100.0
303010037,130,2025,11,133665850.0,95987120.0,189872430.0
303010037,131,2025,12,133394090.0,95772240.0,189985090.0
303010037,132,2026,1,144094540.0,108035100.0,206836270.0
303010037,133,2026,2,145377120.0,108851090.0,206966100.0
303010037,134,2026,3,146387440.0,109646450.0,206814160.0
303010037,135,2026,4,147220450.0,110323820.0,206638700.0
303010037,136,2026,5,147925260.0,110843950.0,206609150.0
303010037,137,2026,6,148473630.0,111169384.0,206758160.0
303010037,138,2026,7,148798240.0,111258690.0,207158830.0
303010037,139,2026,8,148874050.0,111167050.0,207551550.0
303010037,140,2026,9,148752830.0,110997130.0,207786050.0
303010037,141,2026,10,148555790.0,110816680.0,207907760.0
303010037,142,2026,11,148319090.0,110628100.0,207946220.0
303010037,143,2026,12,148050600.0,110455416.0,207906560.0
303010037,144,2027,1,140211060.0,122890504.0,166254690.0
303010037,145,2027,2,140535820.0,123370540.0,166256580.0
303010037,146,2027,3,140908640.0,123796970.0,166211890.0
303010037,147,2027,4,141278400.0,124147390.0,166178910.0
303010037,148,2027,5,141605920.0,124402910.0,166205220.0
303010037,149,2027,6,141876540.0,124557720.0,166323820.0
303010037,150,2027,7,142040080.0,124588840.0,166521260.0
303010037,151,2027,8,142079100.0,124523030.0,166711300.0
303010037,152,2027,9,142029250.0,124410270.0,166844260.0
303010037,153,2027,10,141922820.0,124291910.0,166899000.0
303010037,154,2027,11,141798080.0,124176050.0,166909820.0
303010037,155,2027,12,141651020.0,124064780.0,166889460.0
303010037,156,2028,1,147411250.0,133131784.0,169766420.0
303010037,157,2028,2,147724510.0,133521624.0,169800430.0
303010037,158,2028,3,148059340.0,133865370.0,169804960.0
303010037,159,2028,4,148375970.0,134150370.0,169796540.0
303010037,160,2028,5,148658960.0,134356500.0,169853220.0
303010037,161,2028,6,148876600.0,134473390.0,169974750.0
303010037,162,2028,7,149011540.0,134495730.0,170160300.0
303010037,163,2028,8,149034850.0,134423650.0,170326540.0
303010037,164,2028,9,148978850.0,134322420.0,170423700.0
303010037,165,2028,10,148882270.0,134214080.0,170473120.0
303010037,166,2028,11,148764770.0,134113016.0,170475070.0
303010037,167,2028,12,148622670.0,134005370.0,170437040.0
303010037,168,2029,1,148832030.0,138163980.0,166161470.0
303010037,169,2029,2,149103940.0,138446770.0,166196030.0
303010037,170,2029,3,149378340.0,138702350.0,166216000.0
303010037,171,2029,4,149629000.0,138912830.0,166241360.0
303010037,172,2029,5,149840910.0,139070830.0,166290510.0
303010037,173,2029,6,150006190.0,139158400.0,166393310.0
303010037,174,2029,7,150106930.0,139167700.0,166531740.0
303010037,175,2029,8,150127840.0,139120720.0,166661070.0
303010037,176,2029,9,150082320.0,139040340.0,166732290.0
303010037,177,2029,10,149995890.0,138950200.0,166750100.0
303010037,178,2029,11,149895220.0,138871250.0,166735470.0
303010037,179,2029,12,149778050.0,138787300.0,166701760.0
303010037,180,2030,1,150480160.0,143477760.0,162231550.0
303010037,181,2030,2,150669730.0,143653010.0,162264370.0
303010037,182,2030,3,150849730.0,143810640.0,162280770.0
303010037,183,2030,4,151010660.0,143942370.0,162300900.0
303010037,184,2030,5,151145230.0,144038220.0,162341460.0
303010037,185,2030,6,151248180.0,144087410.0,162415170.0
303010037,186,2030,7,151306750.0,144086030.0,162511220.0
303010037,187,2030,8,151308210.0,144041250.0,162592140.0
303010037,188,2030,9,151271260.0,143980260.0,162642080.0
303010037,189,2030,10,151207800.0,143914370.0,162653570.0
303010037,190,2030,11,151130220.0,143851520.0,162642700.0
303010037,191,2030,12,151043490.0,143790350.0,162611680.0
303010037,192,2031,1,150766600.0,147151680.0,156956770.0
303010037,193,2031,2,150870450.0,147236460.0,156974720.0
303010037,194,2031,3,150968320.0,147314540.0,156990600.0
303010037,195,2031,4,151053010.0,147382000.0,157005260.0
303010037,196,2031,5,151121580.0,147428400.0,157027730.0
303010037,197,2031,6,151172030.0,147453420.0,157064580.0
303010037,198,2031,7,151199440.0,147451440.0,157113100.0
303010037,199,2031,8,151198850.0,147427540.0,157152960.0
303010037,200,2031,9,151178100.0,147393520.0,157174850.0
303010037,201,2031,10,151144350.0,147359500.0,157177250.0
303010037,202,2031,11,151102850.0,147327470.0,157167360.0
303010037,203,2031,12,151056460.0,147295440.0,157147870.0
303010037,204,2032,1,151942420.0,147950660.0,159138640.0
303010037,205,2032,2,152067090.0,148039300.0,159165970.0
303010037,206,2032,3,152177040.0,148119780.0,159189040.0
303010037,207,2032,4,152270540.0,148189020.0,159208480.0
303010037,208,2032,5,152345490.0,148238200.0,159236110.0
303010037,209,2032,6,152399550.0,148262530.0,159279540.0
303010037,210,2032,7,152430080.0,148259420.0,159335150.0
303010037,211,2032,8,152425700.0,148230580.0,159378000.0
303010037,212,2032,9,152403040.0,148195250.0,159400200.0
303010037,213,2032,10,152362340.0,148155400.0,159399600.0
303010037,214,2032,11,152316140.0,148121760.0,159385300.0
303010037,215,2032,12,152261820.0,148084480.0,159358560.0
303010037,216,2033,1,151280500.0,150150460.0,153366190.0
303010037,217,2033,2,151317710.0,150173950.0,153375260.0
303010037,218,2033,3,151350340.0,150196290.0,153383460.0
303010037,219,2033,4,151377180.0,150215200.0,153390190.0
303010037,220,2033,5,151398850.0,150228370.0,153399260.0
303010037,221,2033,6,151413280.0,150234670.0,153411840.0
303010037,222,2033,7,151421650.0,150233250.0,153427060.0
303010037,223,2033,8,151420500.0,150224660.0,153439340.0
303010037,224,2033,9,151413570.0,150214340.0,153444340.0
303010037,225,2033,10,151402600.0,150203460.0,153444620.0
303010037,226,2033,11,151389600.0,150193140.0,153439630.0
303010037,227,2033,12,151374020.0,150182820.0,153431440.0
303010037,228,2034,1,151979220.0,151060210.0,153752240.0
303010037,229,2034,2,152010530.0,151077200.0,153761020.0
303010037,230,2034,3,152036910.0,151094200.0,153768350.0
303010037,231,2034,4,152059250.0,151108900.0,153775400.0
303010037,232,2034,5,152076060.0,151118990.0,153783020.0
303010037,233,2034,6,152088540.0,151123600.0,153794460.0
303010037,234,2034,7,152094930.0,151121300.0,153807680.0
303010037,235,2034,8,152094340.0,151114100.0,153818240.0
303010037,236,2034,9,152088540.0,151105150.0,153822930.0
303010037,237,2034,10,152079260.0,151095940.0,153821760.0
303010037,238,2034,11,152068530.0,151087580.0,153817940.0
303010037,239,2034,12,152056640.0,151079230.0,153811780.0
303040149,120,2025,1,32642776.0,23857880.0,50199416.0
303040149,121,2025,2,32828466.0,23923454.0,50474388.0
303040149,122,2025,3,33027622.0,23995336.0,50744190.0
303040149,123,2025,4,33216514.0,24052154.0,51005116.0
303040149,124,2025,5,33400818.0,24092468.0,51285972.0
303040149,125,2025,6,33537944.0,24088840.0,51572210.0
303040149,126,2025,7,33606780.0,24044496.0,51831856.0
303040149,127,2025,8,33603830.0,23980420.0,51997416.0
303040149,128,2025,9,33561428.0,23923816.0,52080390.0
303040149,129,2025,10,33515626.0,23892216.0,52087250.0
303040149,130,2025,11,33474738.0,23875360.0,52078508.0
303040149,131,2025,12,33439830.0,23872810.0,52042164.0
303040149,132,2026,1,38647908.0,30237578.0,53758510.0
303040149,133,2026,2,38640388.0,30123486.0,53930332.0
303040149,134,2026,3,38659184.0,30049172.0,54051950.0
303040149,135,2026,4,38698212.0,29995002.0,54164750.0
303040149,136,2026,5,38751690.0,29947440.0,54290936.0
303040149,137,2026,6,38827150.0,29909880.0,54470588.0
303040149,138,2026,7,38912856.0,29896134.0,54661880.0
303040149,139,2026,8,39001204.0,29915298.0,54813684.0
303040149,140,2026,9,39072460.0,29958868.0,54889428.0
303040149,141,2026,10,39124292.0,30015206.0,54899270.0
303040149,142,2026,11,39165800.0,30081400.0,54873412.0
303040149,143,2026,12,39194424.0,30145558.0,54819744.0
303040149,144,2027,1,37585724.0,34380716.0,42392130.0
303040149,145,2027,2,37623596.0,34427176.0,42431850.0
303040149,146,2027,3,37675300.0,34466532.0,42461236.0
303040149,147,2027,4,37728080.0,34491130.0,42490972.0
303040149,148,2027,5,37775464.0,34500336.0,42527132.0
303040149,149,2027,6,37816624.0,34496452.0,42580296.0
303040149,150,2027,7,37842890.0,34479416.0,42636372.0
303040149,151,2027,8,37852056.0,34458576.0,42678356.0
303040149,152,2027,9,37840144.0,34431116.0,42696590.0
303040149,153,2027,10,37815904.0,34403412.0,42694390.0
303040149,154,2027,11,37783024.0,34374484.0,42680716.0
303040149,155,2027,12,37746868.0,34347156.0,42659550.0
303040149,156,2028,1,38671428.0,35850530.0,43129000.0
303040149,157,2028,2,38702052.0,35881996.0,43159120.0
303040149,158,2028,3,38738828.0,35903216.0,43181844.0
303040149,159,2028,4,38774610.0,35911572.0,43204010.0
303040149,160,2028,5,38804276.0,35906436.0,43234260.0
303040149,161,2028,6,38825524.0,35887950.0,43274770.0
303040149,162,2028,7,38834708.0,35856068.0,43326220.0
303040149,163,2028,8,38829450.0,35819224.0,43364748.0
303040149,164,2028,9,38807756.0,35781330.0,43380468.0
303040149,165,2028,10,38774756.0,35745856.0,43374096.0
303040149,166,2028,11,38736096.0,35710012.0,43357470.0
303040149,167,2028,12,38695110.0,35678560.0,43331760.0
303040149,168,2029,1,38988188.0,36198690.0,43716532.0
303040149,169,2029,2,39022264.0,36219960.0,43743810.0
303040149,170,2029,3,39055772.0,36230600.0,43761830.0
303040149,171,2029,4,39084836.0,36229700.0,43780370.0
303040149,172,2029,5,39103470.0,36212224.0,43804424.0
303040149,173,2029,6,39111604.0,36180050.0,43840868.0
303040149,174,2029,7,39106084.0,36134052.0,43884536.0
303040149,175,2029,8,39085210.0,36081916.0,43915936.0
303040149,176,2029,9,39050780.0,36030544.0,43925656.0
303040149,177,2029,10,39007600.0,35983772.0,43914680.0
303040149,178,2029,11,38959940.0,35940972.0,43889810.0
303040149,179,2029,12,38909070.0,35899588.0,43857340.0
303040149,180,2030,1,39854800.0,37174132.0,44699070.0
303040149,181,2030,2,39879892.0,37174348.0,44715184.0
303040149,182,2030,3,39899068.0,37163924.0,44727300.0
303040149,183,2030,4,39906450.0,37138700.0,44735490.0
303040149,184,2030,5,39902644.0,37098060.0,44750596.0
303040149,185,2030,6,39880884.0,37036130.0,44774244.0
303040149,186,2030,7,39844996.0,36959068.0,44802780.0
303040149,187,2030,8,39796996.0,36878160.0,44824320.0
303040149,188,2030,9,39740180.0,36804308.0,44822436.0
303040149,189,2030,10,39679210.0,36739570.0,44801492.0
303040149,190,2030,11,39613796.0,36680124.0,44763910.0
303040149,191,2030,12,39548496.0,36625668.0,44719964.0
303040149,192,2031,1,39178504.0,38627196.0,40149844.0
303040149,193,2031,2,39185452.0,38627348.0,40153060.0
303040149,194,2031,3,39190536.0,38625428.0,40155588.0
303040149,195,2031,4,39192476.0,38619316.0,40158116.0
303040149,196,2031,5,39190536.0,38609080.0,40160948.0
303040149,197,2031,6,39184930.0,38594500.0,40164704.0
303040149,198,2031,7,39175588.0,38575370.0,40169684.0
303040149,199,2031,8,39163484.0,38555504.0,40172370.0
303040149,200,2031,9,39150344.0,38537784.0,40171370.0
303040149,201,2031,10,39135856.0,38521544.0,40166236.0
303040149,202,2031,11,39121304.0,38507000.0,40158652.0
303040149,203,2031,12,39106532.0,38493412.0,40149692.0
303040149,204,2032,1,39602840.0,38849450.0,41000964.0
303040149,205,2032,2,39614176.0,38849450.0,41006284.0
303040149,206,2032,3,39621280.0,38844932.0,41010744.0
303040149,207,2032,4,39622710.0,38835300.0,41014104.0
303040149,208,2032,5,39619012.0,38820116.0,41017156.0
303040149,209,2032,6,39609110.0,38797250.0,41022708.0
303040149,210,2032,7,39594230.0,38769060.0,41028816.0
303040149,211,2032,8,39575356.0,38739570.0,41031630.0
303040149,212,2032,9,39554452.0,38711944.0,41028736.0
303040149,213,2032,10,39532508.0,38687216.0,41020520.0
303040149,214,2032,11,39510870.0,38666336.0,41008004.0
303040149,215,2032,12,39489172.0,38645910.0,40994316.0
303040149,216,2033,1,39558224.0,39187990.0,40285010.0
303040149,217,2033,2,39567584.0,39188144.0,40289076.0
303040149,218,2033,3,39573170.0,39186200.0,40292304.0
303040149,219,2033,4,39574980.0,39181344.0,40294456.0
303040149,220,2033,5,39573544.0,39173496.0,40296684.0
303040149,221,2033,6,39568790.0,39161916.0,40299224.0
303040149,222,2033,7,39561016.0,39147056.0,40302296.0
303040149,223,2033,8,39550610.0,39130708.0,40303296.0
303040149,224,2033,9,39539744.0,39116230.0,40301452.0
303040149,225,2033,10,39528056.0,39103028.0,40296760.0
303040149,226,2033,11,39516750.0,39091244.0,40290540.0
303040149,227,2033,12,39505220.0,39080510.0,40283004.0
303040149,228,2034,1,39681630.0,39389650.0,40275172.0
303040149,229,2034,2,39689050.0,39389350.0,40278860.0
303040149,230,2034,3,39693516.0,39387772.0,40281624.0
303040149,231,2034,4,39695180.0,39384164.0,40283776.0
303040149,232,2034,5,39694424.0,39378230.0,40285930.0
303040149,233,2034,6,39690940.0,39368996.0,40288536.0
303040149,234,2034,7,39685110.0,39357508.0,40291380.0
303040149,235,2034,8,39676940.0,39344596.0,40292228.0
303040149,236,2034,9,39668010.0,39332370.0,40291228.0
303040149,237,2034,10,39659004.0,39321790.0,40287850.0
303040149,238,2034,11,39649550.0,39311744.0,40282930.0
303040149,239,2034,12,39640176.0,39302596.0,40277092.0
303060212,120,2025,1,41377748.0,30319066.0,61327090.0
303060212,121,2025,2,41681200.0,30464218.0,61456480.0
303060212,122,2025,3,41946464.0,30620340.0,61484148.0
303060212,123,2025,4,42166416.0,30756780.0,61463276.0
303060212,124,2025,5,42361496.0,30873448.0,61458470.0
303060212,125,2025,6,42528510.0,30954820.0,61498690.0
303060212,126,2025,7,42644990.0,30997300.0,61571812.0
303060212,127,2025,8,42719484.0,31009186.0,61651610.0
303060212,128,2025,9,42748500.0,30999606.0,61701600.0
303060212,129,2025,10,42751430.0,30980572.0,61726440.0
303060212,130,2025,11,42736920.0,30959070.0,61732910.0
303060212,131,2025,12,42716384.0,30936580.0,61737504.0
303060212,132,2026,1,43530484.0,33604856.0,63398490.0
303060212,133,2026,2,43925236.0,33802080.0,63667264.0
303060212,134,2026,3,44278532.0,34009864.0,63807188.0
303060212,135,2026,4,44583270.0,34196870.0,63871116.0
303060212,136,2026,5,44848176.0,34352530.0,63920716.0
303060212,137,2026,6,45067012.0,34466988.0,63983540.0
303060212,138,2026,7,45234336.0,34535030.0,64070976.0
303060212,139,2026,8,45347070.0,34570690.0,64145932.0
303060212,140,2026,9,45403150.0,34575630.0,64180570.0
303060212,141,2026,10,45440664.0,34575370.0,64210690.0
303060212,142,2026,11,45452452.0,34563040.0,64206890.0
303060212,143,2026,12,45453664.0,34547290.0,64206524.0
303060212,144,2027,1,43433452.0,38216590.0,52893376.0
303060212,145,2027,2,43580744.0,38331572.0,53060304.0
303060212,146,2027,3,43741556.0,38448212.0,53166576.0
303060212,147,2027,4,43903790.0,38556092.0,53235068.0
303060212,148,2027,5,44048144.0,38643188.0,53290028.0
303060212,149,2027,6,44173424.0,38707440.0,53345550.0
303060212,150,2027,7,44267300.0,38745108.0,53402056.0
303060212,151,2027,8,44335064.0,38761224.0,53458204.0
303060212,152,2027,9,44373984.0,38762260.0,53490640.0
303060212,153,2027,10,44398450.0,38758120.0,53512584.0
303060212,154,2027,11,44411660.0,38751764.0,53521770.0
303060212,155,2027,12,44414200.0,38739644.0,53522172.0
303060212,156,2028,1,44643004.0,40685616.0,52117160.0
303060212,157,2028,2,44762630.0,40762904.0,52244856.0
303060212,158,2028,3,44893876.0,40845480.0,52335016.0
303060212,159,2028,4,45020270.0,40921820.0,52401336.0
303060212,160,2028,5,45134280.0,40983136.0,52456436.0
303060212,161,2028,6,45232870.0,41030380.0,52515100.0
303060212,162,2028,7,45308164.0,41055824.0,52572224.0
303060212,163,2028,8,45363244.0,41065220.0,52627000.0
303060212,164,2028,9,45397176.0,41065140.0,52661244.0
303060212,165,2028,10,45415104.0,41059584.0,52679930.0
303060212,166,2028,11,45428184.0,41053708.0,52694700.0
303060212,167,2028,12,45430696.0,41044156.0,52695708.0
303060212,168,2029,1,45662216.0,42283680.0,52363572.0
303060212,169,2029,2,45773396.0,42341140.0,52473250.0
303060212,170,2029,3,45892372.0,42405636.0,52559190.0
303060212,171,2029,4,46002268.0,42466664.0,52619980.0
303060212,172,2029,5,46102844.0,42517480.0,52678324.0
303060212,173,2029,6,46188484.0,42555372.0,52735124.0
303060212,174,2029,7,46255308.0,42574612.0,52794100.0
303060212,175,2029,8,46302976.0,42581760.0,52844670.0
303060212,176,2029,9,46331776.0,42578024.0,52881068.0
303060212,177,2029,10,46349188.0,42573230.0,52903468.0
303060212,178,2029,11,46358470.0,42565436.0,52915172.0
303060212,179,2029,12,46360504.0,42556104.0,52919212.0
303060212,180,2030,1,45316116.0,44193480.0,47524050.0
303060212,181,2030,2,45352692.0,44207308.0,47555056.0
303060212,182,2030,3,45389732.0,44225100.0,47579372.0
303060212,183,2030,4,45424544.0,44242480.0,47598070.0
303060212,184,2030,5,45455920.0,44257588.0,47616050.0
303060212,185,2030,6,45482804.0,44268480.0,47634492.0
303060212,186,2030,7,45504412.0,44274052.0,47654480.0
303060212,187,2030,8,45517516.0,44273548.0,47670936.0
303060212,188,2030,9,45526290.0,44271012.0,47683030.0
303060212,189,2030,10,45530892.0,44268480.0,47689760.0
303060212,190,2030,11,45532628.0,44264680.0,47693584.0
303060212,191,2030,12,45532976.0,44260880.0,47695036.0
303060212,192,2031,1,45873904.0,45116724.0,47404816.0
303060212,193,2031,2,45899812.0,45123610.0,47425708.0
303060212,194,2031,3,45924508.0,45133076.0,47442080.0
303060212,195,2031,4,45947548.0,45143320.0,47455480.0
303060212,196,2031,5,45967708.0,45151844.0,47467610.0
303060212,197,2031,6,45984810.0,45157356.0,47480828.0
303060212,198,2031,7,45998320.0,45159772.0,47495140.0
303060212,199,2031,8,46007444.0,45158996.0,47506916.0
303060212,200,2031,9,46012710.0,45156496.0,47515616.0
303060212,201,2031,10,46015170.0,45153480.0,47520784.0
303060212,202,2031,11,46015610.0,45150036.0,47522684.0
303060212,203,2031,12,46014990.0,45146680.0,47523956.0
303060212,204,2032,1,45937736.0,45252376.0,47377428.0
303060212,205,2032,2,45964028.0,45256690.0,47397764.0
303060212,206,2032,3,45987704.0,45264110.0,47413228.0
303060212,207,2032,4,46008324.0,45271280.0,47426068.0
303060212,208,2032,5,46026228.0,45277930.0,47437650.0
303060212,209,2032,6,46041770.0,45282590.0,47450680.0
303060212,210,2032,7,46053100.0,45283284.0,47463804.0
303060212,211,2032,8,46061180.0,45281900.0,47475396.0
303060212,212,2032,9,46065490.0,45278708.0,47483636.0
303060212,213,2032,10,46067332.0,45275252.0,47488344.0
303060212,214,2032,11,46067332.0,45271710.0,47490520.0
303060212,215,2032,12,46066100.0,45268084.0,47490880.0
303060212,216,2033,1,46071724.0,45704560.0,46853424.0
303060212,217,2033,2,46085960.0,45706304.0,46864150.0
303060212,218,2033,3,46098010.0,45708920.0,46872464.0
303060212,219,2033,4,46108470.0,45712056.0,46879172.0
303060212,220,2033,5,46117356.0,45714764.0,46885252.0
303060212,221,2033,6,46125096.0,45716332.0,46892316.0
303060212,222,2033,7,46130730.0,45716244.0,46899384.0
303060212,223,2033,8,46134424.0,45714764.0,46905824.0
303060212,224,2033,9,46136096.0,45712320.0,46910028.0
303060212,225,2033,10,46136708.0,45710224.0,46912444.0
303060212,226,2033,11,46136532.0,45707960.0,46913428.0
303060212,227,2033,12,46135390.0,45705692.0,46913520.0
303060212,228,2034,1,46152730.0,45911108.0,46678330.0
303060212,229,2034,2,46162504.0,45911460.0,46685810.0
303060212,230,2034,3,46170340.0,45912684.0,46691150.0
303060212,231,2034,4,46177120.0,45914260.0,46695692.0
303060212,232,2034,5,46182584.0,45915490.0,46699612.0
303060212,233,2034,6,46187250.0,45916096.0,46704156.0
303060212,234,2034,7,46190684.0,45915576.0,46708964.0
303060212,235,2034,8,46192710.0,45914172.0,46713150.0
303060212,236,2034,9,46193770.0,45912420.0,46716004.0
303060212,237,2034,10,46193770.0,45910580.0,46717516.0
303060212,238,2034,11,46193330.0,45908740.0,46718230.0
303060212,239,2034,12,46192360.0,45906908.0,46718320.0
303140151,120,2025,1,92192900.0,63701880.0,136179780.0
303140151,121,2025,2,92920230.0,63881956.0,136592600.0
303140151,122,2025,3,93409420.0,64193790.0,136651780.0
303140151,123,2025,4,93780920.0,64500372.0,136627260.0
303140151,124,2025,5,94097520.0,64736396.0,136652820.0
303140151,125,2025,6,94352190.0,64857764.0,136887070.0
303140151,126,2025,7,94492300.0,64856524.0,137288180.0
303140151,127,2025,8,94480770.0,64729484.0,137755070.0
303140151,128,2025,9,94375770.0,64558344.0,138136850.0
303140151,129,2025,10,94226300.0,64383976.0,138421680.0
303140151,130,2025,11,94049620.0,64211424.0,138661620.0
303140151,131,2025,12,93883110.0,64060468.0,138863550.0
303140151,132,2026,1,102126110.0,72202830.0,156167500.0
303140151,133,2026,2,103481224.0,72679100.0,156828080.0
303140151,134,2026,3,104346170.0,73223710.0,156911550.0
303140151,135,2026,4,104955150.0,73715850.0,156809840.0
303140151,136,2026,5,105436700.0,74097864.0,156757500.0
303140151,137,2026,6,105813040.0,74347304.0,156894510.0
303140151,138,2026,7,106031030.0,74420940.0,157211420.0
303140151,139,2026,8,106073304.0,74354260.0,157568660.0
303140151,140,2026,9,106002520.0,74233250.0,157855340.0
303140151,141,2026,10,105856240.0,74073560.0,158071970.0
303140151,142,2026,11,105667224.0,73918740.0,158162450.0
303140151,143,2026,12,105477330.0,73769576.0,158300060.0
303140151,144,2027,1,104585870.0,84273704.0,138020960.0
303140151,145,2027,2,104979176.0,84684264.0,138052290.0
303140151,146,2027,3,105366744.0,85062744.0,138012000.0
303140151,147,2027,4,105726090.0,85375470.0,137985950.0
303140151,148,2027,5,106043780.0,85607680.0,138014900.0
303140151,149,2027,6,106286570.0,85731210.0,138157650.0
303140151,150,2027,7,106443180.0,85754430.0,138388160.0
303140151,151,2027,8,106476900.0,85686904.0,138621170.0
303140151,152,2027,9,106420856.0,85575190.0,138800000.0
303140151,153,2027,10,106314540.0,85449920.0,138896940.0
303140151,154,2027,11,106175730.0,85324030.0,138941180.0
303140151,155,2027,12,106017080.0,85193940.0,138968750.0
303140151,156,2028,1,113335840.0,91816300.0,152621490.0
303140151,157,2028,2,113881250.0,92260264.0,152715550.0
303140151,158,2028,3,114411610.0,92692420.0,152749920.0
303140151,159,2028,4,114869480.0,93042590.0,152763330.0
303140151,160,2028,5,115242550.0,93294220.0,152832400.0
303140151,161,2028,6,115539890.0,93449870.0,153010900.0
303140151,162,2028,7,115723830.0,93481610.0,153281090.0
303140151,163,2028,8,115770630.0,93414590.0,153554110.0
303140151,164,2028,9,115703304.0,93296536.0,153712660.0
303140151,165,2028,10,115577580.0,93169210.0,153800030.0
303140151,166,2028,11,115405330.0,93025910.0,153812660.0
303140151,167,2028,12,115218160.0,92894000.0,153791540.0
303140151,168,2029,1,116043010.0,98471260.0,149434770.0
303140151,169,2029,2,116605890.0,98852344.0,149567360.0
303140151,170,2029,3,117095980.0,99214250.0,149626430.0
303140151,171,2029,4,117519320.0,99524330.0,149665810.0
303140151,172,2029,5,117863890.0,99755990.0,149745470.0
303140151,173,2029,6,118135550.0,99901470.0,149900080.0
303140151,174,2029,7,118299250.0,99936536.0,150120670.0
303140151,175,2029,8,118336710.0,99886220.0,150321820.0
303140151,176,2029,9,118284810.0,99791580.0,150431660.0
303140151,177,2029,10,118169340.0,99688856.0,150458930.0
303140151,178,2029,11,118029464.0,99575970.0,150447740.0
303140151,179,2029,12,117867496.0,99467200.0,150394100.0
303140151,180,2030,1,114308216.0,105971580.0,129664880.0
303140151,181,2030,2,114591784.0,106154460.0,129735380.0
303140151,182,2030,3,114832024.0,106331380.0,129772260.0
303140151,183,2030,4,115033050.0,106475464.0,129802950.0
303140151,184,2030,5,115200790.0,106589660.0,129849500.0
303140151,185,2030,6,115321930.0,106657384.0,129921590.0
303140151,186,2030,7,115393656.0,106669790.0,130016296.0
303140151,187,2030,8,115410824.0,106641520.0,130098150.0
303140151,188,2030,9,115375170.0,106587020.0,130138360.0
303140151,189,2030,10,115319730.0,106529704.0,130150776.0
303140151,190,2030,11,115249810.0,106474456.0,130132660.0
303140151,191,2030,12,115165210.0,106413950.0,130101380.0
303140151,192,2031,1,117254450.0,111467490.0,128282380.0
303140151,193,2031,2,117474720.0,111590230.0,128341610.0
303140151,194,2031,3,117660840.0,111714800.0,128380536.0
303140151,195,2031,4,117810620.0,111822030.0,128408696.0
303140151,196,2031,5,117932480.0,111904180.0,128445440.0
303140151,197,2031,6,118023160.0,111953920.0,128499350.0
303140151,198,2031,7,118074050.0,111962040.0,128564560.0
303140151,199,2031,8,118086210.0,111941544.0,128616070.0
303140151,200,2031,9,118063464.0,111906104.0,128639140.0
303140151,201,2031,10,118027890.0,111869176.0,128640850.0
303140151,202,2031,11,117979496.0,111831420.0,128626370.0
303140151,203,2031,12,117923030.0,111791110.0,128600616.0
303140151,204,2032,1,118253670.0,113690910.0,127430070.0
303140151,205,2032,2,118456850.0,113788760.0,127491576.0
303140151,206,2032,3,118623480.0,113888424.0,127537790.0
303140151,207,2032,4,118756370.0,113977090.0,127569900.0
303140151,208,2032,5,118859470.0,114042320.0,127605430.0
303140151,209,2032,6,118936800.0,114083220.0,127651690.0
303140151,210,2032,7,118982860.0,114094750.0,127704776.0
303140151,211,2032,8,118993304.0,114077780.0,127749350.0
303140151,212,2032,9,118981960.0,114053416.0,127766420.0
303140151,213,2032,10,118952230.0,114024270.0,127765190.0
303140151,214,2032,11,118917520.0,113994480.0,127751790.0
303140151,215,2032,12,118874210.0,113964910.0,127727670.0
303140151,216,2033,1,117864110.0,116487400.0,120654350.0
303140151,217,2033,2,117925060.0,116514510.0,120675300.0
303140151,218,2033,3,117974320.0,116543180.0,120690260.0
303140151,219,2033,4,118013256.0,116567416.0,120701304.0
303140151,220,2033,5,118043880.0,116586750.0,120713050.0
303140151,221,2033,6,118067740.0,116598330.0,120728700.0
303140151,222,2033,7,118080580.0,116600776.0,120743670.0
303140151,223,2033,8,118083960.0,116594320.0,120757490.0
303140151,224,2033,9,118080800.0,116586750.0,120763016.0
303140151,225,2033,10,118071790.0,116577200.0,120762100.0
303140151,226,2033,11,118061880.0,116568080.0,120758880.0
303140151,227,2033,12,118049730.0,116558970.0,120751270.0
303140151,228,2034,1,118693864.0,117386250.0,121481730.0
303140151,229,2034,2,118755000.0,117410210.0,121504440.0
303140151,230,2034,3,118804620.0,117436190.0,121522984.0
303140151,231,2034,4,118842930.0,117458810.0,121536650.0
303140151,232,2034,5,118873750.0,117476520.0,121550330.0
303140151,233,2034,6,118895300.0,117485700.0,121565870.0
303140151,234,2034,7,118909130.0,117487496.0,121583490.0
303140151,235,2034,8,118912984.0,117481670.0,121596480.0
303140151,236,2034,9,118909580.0,117473160.0,121602280.0
303140151,237,2034,10,118902340.0,117463300.0,121603200.0
303140151,238,2034,11,118892800.0,117454104.0,121599730.0
303140151,239,2034,12,118880330.0,117444480.0,121593000.0
303160063,120,2025,1,38813604.0,32653486.0,47931784.0
303160063,121,2025,2,38947310.0,32760224.0,47946870.0
303160063,122,2025,3,39069556.0,32867060.0,47921548.0
303160063,123,2025,4,39180970.0,32964496.0,47884180.0
303160063,124,2025,5,39281388.0,33043058.0,47860800.0
303160063,125,2025,6,39363736.0,33099010.0,47855692.0
303160063,126,2025,7,39419264.0,33126672.0,47872944.0
303160063,127,2025,8,39449950.0,33132298.0,47895504.0
303160063,128,2025,9,39459132.0,33123890.0,47913504.0
303160063,129,2025,10,39456496.0,33107658.0,47927852.0
303160063,130,2025,11,39442652.0,33090108.0,47925844.0
303160063,131,2025,12,39429412.0,33072568.0,47927030.0
303160063,132,2026,1,40370770.0,35218660.0,48977664.0
303160063,133,2026,2,40539212.0,35332030.0,49052080.0
303160063,134,2026,3,40692990.0,35447590.0,49082308.0
303160063,135,2026,4,40830370.0,35549900.0,49092044.0
303160063,136,2026,5,40952428.0,35638364.0,49093732.0
303160063,137,2026,6,41051904.0,35699590.0,49105908.0
303160063,138,2026,7,41126516.0,35736724.0,49131480.0
303160063,139,2026,8,41174080.0,35750900.0,49156976.0
303160063,140,2026,9,41197332.0,35751036.0,49173484.0
303160063,141,2026,10,41208256.0,35745380.0,49178172.0
303160063,142,2026,11,41209510.0,35734132.0,49178920.0
303160063,143,2026,12,41203932.0,35721730.0,49174324.0
303160063,144,2027,1,40123124.0,37611756.0,44230416.0
303160063,145,2027,2,40184164.0,37670844.0,44291624.0
303160063,146,2027,3,40254204.0,37730670.0,44328132.0
303160063,147,2027,4,40325828.0,37784324.0,44352404.0
303160063,148,2027,5,40391570.0,37829030.0,44369156.0
303160063,149,2027,6,40447536.0,37861300.0,44388290.0
303160063,150,2027,7,40490760.0,37879140.0,44411916.0
303160063,151,2027,8,40518730.0,37885064.0,44430976.0
303160063,152,2027,9,40535268.0,37885350.0,44444028.0
303160063,153,2027,10,40543700.0,37881308.0,44450730.0
303160063,154,2027,11,40548028.0,37876396.0,44454290.0
303160063,155,2027,12,40547252.0,37869532.0,44453268.0
303160063,156,2028,1,41011836.0,39109292.0,44332360.0
303160063,157,2028,2,41063810.0,39148324.0,44384560.0
303160063,158,2028,3,41121652.0,39189940.0,44419200.0
303160063,159,2028,4,41178240.0,39226504.0,44444790.0
303160063,160,2028,5,41231132.0,39258544.0,44466076.0
303160063,161,2028,6,41275120.0,39279364.0,44488896.0
303160063,162,2028,7,41310090.0,39291730.0,44512830.0
303160063,163,2028,8,41334284.0,39295476.0,44536012.0
303160063,164,2028,9,41348396.0,39293900.0,44549948.0
303160063,165,2028,10,41355260.0,39290080.0,44557852.0
303160063,166,2028,11,41358416.0,39284830.0,44561170.0
303160063,167,2028,12,41359440.0,39280336.0,44561504.0
303160063,168,2029,1,41247732.0,39804130.0,43916856.0
303160063,169,2029,2,41290944.0,39828508.0,43958676.0
303160063,170,2029,3,41336884.0,39856320.0,43987700.0
303160063,171,2029,4,41383036.0,39882940.0,44012704.0
303160063,172,2029,5,41423150.0,39903936.0,44033024.0
303160063,173,2029,6,41459036.0,39919540.0,44055456.0
303160063,174,2029,7,41486724.0,39927764.0,44078484.0
303160063,175,2029,8,41504850.0,39928910.0,44098250.0
303160063,176,2029,9,41515852.0,39926470.0,44111708.0
303160063,177,2029,10,41522744.0,39923884.0,44119784.0
303160063,178,2029,11,41524644.0,39919620.0,44122310.0
303160063,179,2029,12,41524804.0,39914896.0,44123908.0
303160063,180,2030,1,41281416.0,40536040.0,42713616.0
303160063,181,2030,2,41303628.0,40545170.0,42734396.0
303160063,182,2030,3,41327268.0,40557388.0,42750616.0
303160063,183,2030,4,41349896.0,40568530.0,42763990.0
303160063,184,2030,5,41370564.0,40578510.0,42775824.0
303160063,185,2030,6,41388010.0,40584628.0,42788470.0
303160063,186,2030,7,41402064.0,40587492.0,42802348.0
303160063,187,2030,8,41410908.0,40586716.0,42813616.0
303160063,188,2030,9,41416360.0,40584784.0,42821540.0
303160063,189,2030,10,41418412.0,40581840.0,42826028.0
303160063,190,2030,11,41419360.0,40578668.0,42828400.0
303160063,191,2030,12,41419360.0,40576424.0,42829300.0
303160063,192,2031,1,41432556.0,41045410.0,42201896.0
303160063,193,2031,2,41445044.0,41049244.0,42213090.0
303160063,194,2031,3,41457692.0,41054256.0,42222188.0
303160063,195,2031,4,41469396.0,41059188.0,42229436.0
303160063,196,2031,5,41479840.0,41063576.0,42236204.0
303160063,197,2031,6,41488940.0,41066550.0,42243452.0
303160063,198,2031,7,41495744.0,41067336.0,42250788.0
303160063,199,2031,8,41500180.0,41066396.0,42256990.0
303160063,200,2031,9,41502870.0,41064828.0,42261748.0
303160063,201,2031,10,41503980.0,41062870.0,42264170.0
303160063,202,2031,11,41504136.0,41061224.0,42265376.0
303160063,203,2031,12,41503740.0,41059188.0,42265776.0
303160063,204,2032,1,41522348.0,41144484.0,42304896.0
303160063,205,2032,2,41535732.0,41147070.0,42316190.0
303160063,206,2032,3,41548412.0,41151156.0,42325476.0
303160063,207,2032,4,41560064.0,41155390.0,42333228.0
303160063,208,2032,5,41570290.0,41159004.0,42340412.0
303160063,209,2032,6,41578536.0,41161044.0,42347604.0
303160063,210,2032,7,41585356.0,41161516.0,42355680.0
303160063,211,2032,8,41589560.0,41160104.0,42362388.0
303160063,212,2032,9,41591784.0,41158220.0,42366748.0
303160063,213,2032,10,41592816.0,41156100.0,42369576.0
303160063,214,2032,11,41592972.0,41154136.0,42370950.0
303160063,215,2032,12,41592500.0,41152252.0,42371276.0
303160063,216,2033,1,41494240.0,41391956.0,41710150.0
303160063,217,2033,2,41498040.0,41392504.0,41713332.0
303160063,218,2033,3,41501364.0,41393296.0,41715800.0
303160063,219,2033,4,41504372.0,41394244.0,41717868.0
303160063,220,2033,5,41507064.0,41395110.0,41719860.0
303160063,221,2033,6,41509280.0,41395508.0,41721930.0
303160063,222,2033,7,41510864.0,41395348.0,41723996.0
303160063,223,2033,8,41511972.0,41394956.0,41725984.0
303160063,224,2033,9,41512530.0,41394244.0,41727100.0
303160063,225,2033,10,41512690.0,41393612.0,41727896.0
303160063,226,2033,11,41512610.0,41392904.0,41728212.0
303160063,227,2033,12,41512370.0,41392348.0,41728212.0
303160063,228,2034,1,41546828.0,41470980.0,41710788.0
303160063,229,2034,2,41549680.0,41471136.0,41713176.0
303160063,230,2034,3,41552216.0,41471692.0,41715004.0
303160063,231,2034,4,41554356.0,41472244.0,41716516.0
303160063,232,2034,5,41556260.0,41472720.0,41718028.0
303160063,233,2034,6,41557844.0,41472956.0,41719620.0
303160063,234,2034,7,41558950.0,41472720.0,41721212.0
303160063,235,2034,8,41559668.0,41472244.0,41722644.0
303160063,236,2034,9,41559984.0,41471692.0,41723520.0
303160063,237,2034,10,41560064.0,41471136.0,41724156.0
303160063,238,2034,11,41559904.0,41470508.0,41724396.0
303160063,239,2034,12,41559744.0,41470030.0,41724396.0
310010039,120,2025,1,34995948.0,32555416.0,41503424.0
310010039,121,2025,2,35087176.0,32604694.0,41701004.0
310010039,122,2025,3,35201400.0,32649314.0,41943664.0
310010039,123,2025,4,35331628.0,32691438.0,42205600.0
310010039,124,2025,5,35461996.0,32727250.0,42459376.0
310010039,125,2025,6,35584228.0,32757286.0,42688290.0
310010039,126,2025,7,35696800.0,32780538.0,42897564.0
310010039,127,2025,8,35802284.0,32802928.0,43081476.0
310010039,128,2025,9,35904656.0,32824398.0,43253644.0
310010039,129,2025,10,36005676.0,32849388.0,43415396.0
310010039,130,2025,11,36102636.0,32874146.0,43564210.0
310010039,131,2025,12,36196890.0,32899048.0,43705196.0
310010039,132,2026,1,36652012.0,32940990.0,45004904.0
310010039,133,2026,2,36540052.0,32829218.0,44920344.0
310010039,134,2026,3,36463744.0,32726000.0,44882920.0
310010039,135,2026,4,36410990.0,32633812.0,44855364.0
310010039,136,2026,5,36373096.0,32546660.0,44839710.0
310010039,137,2026,6,36338010.0,32460054.0,44819016.0
310010039,138,2026,7,36301500.0,32374112.0,44796540.0
310010039,139,2026,8,36271188.0,32300036.0,44772620.0
310010039,140,2026,9,36245460.0,32236580.0,44750256.0
310010039,141,2026,10,36231636.0,32187980.0,44737370.0
310010039,142,2026,11,36221824.0,32146690.0,44724310.0
310010039,143,2026,12,36212910.0,32110228.0,44711604.0
310010039,144,2027,1,36787604.0,33884510.0,42813290.0
310010039,145,2027,2,36706228.0,33851570.0,42804800.0
310010039,146,2027,3,36674460.0,33824010.0,42815330.0
310010039,147,2027,4,36669492.0,33791896.0,42832236.0
310010039,148,2027,5,36678096.0,33754660.0,42857080.0
310010039,149,2027,6,36684180.0,33706540.0,42875644.0
310010039,150,2027,7,36679076.0,33644684.0,42889384.0
310010039,151,2027,8,36658164.0,33573210.0,42883820.0
310010039,152,2027,9,36628390.0,33502332.0,42861090.0
310010039,153,2027,10,36589144.0,33429116.0,42826520.0
310010039,154,2027,11,36543670.0,33356636.0,42780476.0
310010039,155,2027,12,36498604.0,33290090.0,42733824.0
310010039,156,2028,1,36343068.0,34041016.0,41311268.0
310010039,157,2028,2,36305172.0,34018040.0,41323250.0
310010039,158,2028,3,36293950.0,33995788.0,41340196.0
310010039,159,2028,4,36299770.0,33971810.0,41361810.0
310010039,160,2028,5,36307870.0,33939490.0,41380110.0
310010039,161,2028,6,36308290.0,33894788.0,41393692.0
310010039,162,2028,7,36297140.0,33839044.0,41398110.0
310010039,163,2028,8,36272916.0,33775336.0,41389348.0
310010039,164,2028,9,36235988.0,33707052.0,41362750.0
310010039,165,2028,10,36190676.0,33639100.0,41321750.0
310010039,166,2028,11,36141840.0,33573530.0,41273544.0
310010039,167,2028,12,36087972.0,33507444.0,41219184.0
310010039,168,2029,1,36574004.0,34467120.0,41365670.0
310010039,169,2029,2,36550016.0,34437420.0,41380270.0
310010039,170,2029,3,36547856.0,34413716.0,41396772.0
310010039,171,2029,4,36551412.0,34384124.0,41412570.0
310010039,172,2029,5,36552316.0,34346172.0,41423784.0
310010039,173,2029,6,36544160.0,34297210.0,41426390.0
310010039,174,2029,7,36523468.0,34237864.0,41420388.0
310010039,175,2029,8,36486980.0,34169360.0,41397640.0
310010039,176,2029,9,36439760.0,34098460.0,41359520.0
310010039,177,2029,10,36386144.0,34027900.0,41310480.0
310010039,178,2029,11,36327960.0,33960148.0,41251588.0
310010039,179,2029,12,36266480.0,33894788.0,41185624.0
310010039,180,2030,1,36494012.0,36108836.0,37367708.0
310010039,181,2030,2,36492548.0,36101260.0,37371060.0
310010039,182,2030,3,36492756.0,36094096.0,37374836.0
310010039,183,2030,4,36492412.0,36086116.0,37376190.0
310010039,184,2030,5,36490390.0,36075930.0,37376476.0
310010039,185,2030,6,36485800.0,36063268.0,37375050.0
310010039,186,2030,7,36477932.0,36047730.0,37371770.0
310010039,187,2030,8,36467012.0,36030680.0,37365212.0
310010039,188,2030,9,36454080.0,36013230.0,37355664.0
310010039,189,2030,10,36439620.0,35996060.0,37343556.0
310010039,190,2030,11,36424332.0,35979450.0,37329452.0
310010039,191,2030,12,36408980.0,35964080.0,37314650.0
310010039,192,2031,1,36551620.0,36404188.0,36895464.0
310010039,193,2031,2,36553016.0,36401970.0,36898280.0
310010039,194,2031,3,36554616.0,36400160.0,36900676.0
310010039,195,2031,4,36555732.0,36397732.0,36902644.0
310010039,196,2031,5,36555940.0,36394540.0,36904052.0
310010039,197,2031,6,36554828.0,36390028.0,36904684.0
310010039,198,2031,7,36552316.0,36384264.0,36904544.0
310010039,199,2031,8,36548416.0,36377468.0,36903210.0
310010039,200,2031,9,36543396.0,36370320.0,36900252.0
310010039,201,2031,10,36537612.0,36363176.0,36896240.0
310010039,202,2031,11,36531410.0,36356036.0,36891172.0
310010039,203,2031,12,36524856.0,36349100.0,36885684.0
310010039,204,2032,1,36569404.0,36443096.0,36872670.0
310010039,205,2032,2,36571840.0,36441496.0,36875836.0
310010039,206,2032,3,36574004.0,36440176.0,36878508.0
310010039,207,2032,4,36575470.0,36438436.0,36880760.0
310010039,208,2032,5,36576100.0,36436004.0,36882380.0
310010039,209,2032,6,36575610.0,36432530.0,36883788.0
310010039,210,2032,7,36573936.0,36427876.0,36884492.0
310010039,211,2032,8,36570730.0,36422108.0,36884068.0
310010039,212,2032,9,36566540.0,36415996.0,36882240.0
310010039,213,2032,10,36561588.0,36409676.0,36879284.0
310010039,214,2032,11,36556220.0,36403356.0,36875556.0
310010039,215,2032,12,36550504.0,36397108.0,36871196.0
310010039,216,2033,1,36524510.0,36425096.0,36764736.0
310010039,217,2033,2,36526320.0,36423850.0,36767260.0
310010039,218,2033,3,36527990.0,36422944.0,36769364.0
310010039,219,2033,4,36529320.0,36421828.0,36771330.0
310010039,220,2033,5,36529870.0,36420024.0,36772800.0
310010039,221,2033,6,36529664.0,36417590.0,36774064.0
310010039,222,2033,7,36528550.0,36414188.0,36775044.0
310010039,223,2033,8,36526252.0,36409884.0,36775116.0
310010039,224,2033,9,36523260.0,36405228.0,36774270.0
310010039,225,2033,10,36519564.0,36400510.0,36772520.0
310010039,226,2033,11,36515590.0,36395720.0,36769996.0
310010039,227,2033,12,36511210.0,36390860.0,36766908.0
310010039,228,2034,1,36560750.0,36509468.0,36687892.0
310010039,229,2034,2,36562010.0,36508976.0,36689290.0
310010039,230,2034,3,36563124.0,36508560.0,36690550.0
310010039,231,2034,4,36563892.0,36508004.0,36691600.0
310010039,232,2034,5,36564308.0,36507170.0,36692508.0
310010039,233,2034,6,36564240.0,36505916.0,36693348.0
310010039,234,2034,7,36563684.0,36504176.0,36693908.0
310010039,235,2034,8,36562636.0,36502016.0,36694188.0
310010039,236,2034,9,36561172.0,36499716.0,36693908.0
310010039,237,2034,10,36559360.0,36497284.0,36693140.0
310010039,238,2034,11,36557268.0,36494850.0,36692020.0
310010039,239,2034,12,36555104.0,36492340.0,36690550.0
411010034,120,2025,1,41150760.0,37407212.0,46954340.0
411010034,121,2025,2,41243720.0,37455976.0,47039856.0
411010034,122,2025,3,41329476.0,37499868.0,47114116.0
411010034,123,2025,4,41407036.0,37534140.0,47184532.0
411010034,124,2025,5,41476516.0,37555770.0,47255500.0
411010034,125,2025,6,41532012.0,37557776.0,47333530.0
411010034,126,2025,7,41562364.0,37541588.0,47402916.0
411010034,127,2025,8,41570690.0,37519972.0,47451764.0
411010034,128,2025,9,41568784.0,37503730.0,47482096.0
411010034,129,2025,10,41561252.0,37495216.0,47491788.0
411010034,130,2025,11,41553410.0,37494070.0,47491060.0
411010034,131,2025,12,41550630.0,37500224.0,47490340.0
411010034,132,2026,1,41595750.0,37610180.0,47600524.0
411010034,133,2026,2,41637900.0,37584076.0,47684760.0
411010034,134,2026,3,41672780.0,37558420.0,47749744.0
411010034,135,2026,4,41706092.0,37536864.0,47803144.0
411010034,136,2026,5,41744216.0,37519468.0,47861896.0
411010034,137,2026,6,41784680.0,37506092.0,47925660.0
411010034,138,2026,7,41824628.0,37500080.0,47990332.0
411010034,139,2026,8,41860944.0,37511240.0,48034290.0
411010034,140,2026,9,41882828.0,37528772.0,48049590.0
411010034,141,2026,10,41896330.0,37551110.0,48042628.0
411010034,142,2026,11,41899684.0,37573180.0,48020732.0
411010034,143,2026,12,41898004.0,37594900.0,47990056.0
411010034,144,2027,1,42349944.0,38472716.0,48192224.0
411010034,145,2027,2,42396576.0,38539108.0,48237652.0
411010034,146,2027,3,42461970.0,38596564.0,48272444.0
411010034,147,2027,4,42531108.0,38639356.0,48303110.0
411010034,148,2027,5,42595972.0,38662876.0,48348004.0
411010034,149,2027,6,42652476.0,38671060.0,48407796.0
411010034,150,2027,7,42688124.0,38659110.0,48473020.0
411010034,151,2027,8,42697816.0,38634050.0,48521216.0
411010034,152,2027,9,42683156.0,38602970.0,48542136.0
411010034,153,2027,10,42653780.0,38569550.0,48540656.0
411010034,154,2027,11,42614176.0,38533892.0,48524920.0
411010034,155,2027,12,42571364.0,38500684.0,48500584.0
411010034,156,2028,1,43120692.0,39097956.0,49697068.0
411010034,157,2028,2,43176740.0,39157212.0,49742780.0
411010034,158,2028,3,43244732.0,39204890.0,49774856.0
411010034,159,2028,4,43309284.0,39232416.0,49809428.0
411010034,160,2028,5,43365160.0,39241850.0,49855144.0
411010034,161,2028,6,43407780.0,39230400.0,49917376.0
411010034,162,2028,7,43429148.0,39197784.0,49988548.0
411010034,163,2028,8,43424756.0,39152956.0,50045504.0
411010034,164,2028,9,43396190.0,39103104.0,50067364.0
411010034,165,2028,10,43350444.0,39053016.0,50063256.0
411010034,166,2028,11,43301024.0,39007600.0,50043110.0
411010034,167,2028,12,43242012.0,38960016.0,50008860.0
411010034,168,2029,1,44103630.0,40182096.0,50941148.0
411010034,169,2029,2,44162892.0,40223428.0,50984692.0
411010034,170,2029,3,44224424.0,40255356.0,51015530.0
411010034,171,2029,4,44279710.0,40270100.0,51047844.0
411010034,172,2029,5,44320610.0,40264804.0,51085540.0
411010034,173,2029,6,44344284.0,40234860.0,51141890.0
411010034,174,2029,7,44349270.0,40185316.0,51209140.0
411010034,175,2029,8,44326780.0,40121596.0,51256240.0
411010034,176,2029,9,44283428.0,40057370.0,51275210.0
411010034,177,2029,10,44225692.0,39994308.0,51262696.0
411010034,178,2029,11,44161884.0,39935764.0,51234052.0
411010034,179,2029,12,44093960.0,39882100.0,51190690.0
411010034,180,2030,1,43105148.0,42299892.0,44464040.0
411010034,181,2030,2,43114028.0,42302880.0,44469468.0
411010034,182,2030,3,43121268.0,42302880.0,44472520.0
411010034,183,2030,4,43126696.0,42299570.0,44475660.0
411010034,184,2030,5,43128836.0,42291424.0,44480748.0
411010034,185,2030,6,43127520.0,42278356.0,44488896.0
411010034,186,2030,7,43121184.0,42259652.0,44498400.0
411010034,187,2030,8,43110580.0,42238456.0,44506292.0
411010034,188,2030,9,43096350.0,42218484.0,44507228.0
411010034,189,2030,10,43080164.0,42200130.0,44502816.0
411010034,190,2030,11,43063160.0,42182828.0,44495516.0
411010034,191,2030,12,43045010.0,42166256.0,44485250.0
411010034,192,2031,1,43970836.0,43001600.0,45695844.0
411010034,193,2031,2,43984172.0,43004144.0,45702468.0
411010034,194,2031,3,43994576.0,43003570.0,45707264.0
411010034,195,2031,4,44000616.0,42997500.0,45712320.0
411010034,196,2031,5,44002132.0,42985940.0,45718336.0
411010034,197,2031,6,43996760.0,42966020.0,45727148.0
411010034,198,2031,7,43986104.0,42939390.0,45739010.0
411010034,199,2031,8,43969748.0,42910492.0,45746424.0
411010034,200,2031,9,43948950.0,42881940.0,45745900.0
411010034,201,2031,10,43926744.0,42856264.0,45739616.0
411010034,202,2031,11,43903624.0,42832650.0,45729330.0
411010034,203,2031,12,43879764.0,42811250.0,45714850.0
411010034,204,2032,1,43917864.0,43309120.0,45070704.0
411010034,205,2032,2,43932692.0,43311600.0,45076636.0
411010034,206,2032,3,43943336.0,43311348.0,45081284.0
411010034,207,2032,4,43948370.0,43306972.0,45085064.0
411010034,208,2032,5,43949456.0,43298544.0,45089452.0
411010034,209,2032,6,43945600.0,43284180.0,45095130.0
411010034,210,2032,7,43936970.0,43264948.0,45101320.0
411010034,211,2032,8,43925236.0,43244240.0,45105970.0
411010034,212,2032,9,43910492.0,43224284.0,45104760.0
411010034,213,2032,10,43895420.0,43206480.0,45099860.0
411010034,214,2032,11,43879264.0,43190164.0,45091256.0
411010034,215,2032,12,43862864.0,43174596.0,45081456.0
411010034,216,2033,1,44110612.0,43655704.0,44994864.0
411010034,217,2033,2,44120544.0,43656536.0,44999240.0
411010034,218,2033,3,44127190.0,43655372.0,45002932.0
411010034,219,2033,4,44130730.0,43651876.0,45005850.0
411010034,220,2033,5,44130980.0,43645050.0,45009370.0
411010034,221,2033,6,44127780.0,43633896.0,45014176.0
411010034,222,2033,7,44121050.0,43619250.0,45018730.0
411010034,223,2033,8,44111790.0,43603196.0,45021988.0
411010034,224,2033,9,44100520.0,43587480.0,45021650.0
411010034,225,2033,10,44088240.0,43572764.0,45017696.0
411010034,226,2033,11,44075710.0,43559810.0,45011428.0
411010034,227,2033,12,44063020.0,43547508.0,45003960.0
411010034,228,2034,1,44197276.0,43799580.0,45014176.0
411010034,229,2034,2,44208572.0,43799910.0,45019330.0
411010034,230,2034,3,44215656.0,43798744.0,45023452.0
411010034,231,2034,4,44219364.0,43795230.0,45026800.0
411010034,232,2034,5,44219788.0,43788550.0,45030580.0
411010034,233,2034,6,44216920.0,43778532.0,45034870.0
411010034,234,2034,7,44210850.0,43765004.0,45039424.0
411010034,235,2034,8,44201990.0,43749732.0,45042176.0
411010034,236,2034,9,44191372.0,43734796.0,45041400.0
411010034,237,2034,10,44179910.0,43720868.0,45037880.0
411010034,238,2034,11,44168620.0,43708860.0,45032124.0
411010034,239,2034,12,44156996.0,43697190.0,45025428.0
415010012,120,2025,1,138318240.0,98975540.0,197838690.0
415010012,121,2025,2,139041920.0,99526220.0,197488050.0
415010012,122,2025,3,139707840.0,100130570.0,197075650.0
415010012,123,2025,4,140298260.0,100661000.0,196676850.0
415010012,124,2025,5,140826960.0,101069816.0,196491630.0
415010012,125,2025,6,141287840.0,101318220.0,196597330.0
415010012,126,2025,7,141535980.0,101350890.0,196974190.0
415010012,127,2025,8,141571890.0,101196936.0,197488450.0
415010012,128,2025,9,141447200.0,100965000.0,197897550.0
415010012,129,2025,10,141291070.0,100753390.0,198228500.0
415010012,130,2025,11,141081550.0,100542410.0,198413070.0
415010012,131,2025,12,140850320.0,100324610.0,198560340.0
415010012,132,2026,1,172337920.0,121153840.0,263454420.0
415010012,133,2026,2,174178260.0,122380824.0,263289650.0
415010012,134,2026,3,175655540.0,123551400.0,262743840.0
415010012,135,2026,4,176882690.0,124546070.0,262198160.0
415010012,136,2026,5,177919780.0,125306424.0,261884800.0
415010012,137,2026,6,178712910.0,125790620.0,261877280.0
415010012,138,2026,7,179225300.0,125974296.0,262284690.0
415010012,139,2026,8,179366880.0,125909920.0,262747360.0
415010012,140,2026,9,179317280.0,125735690.0,263168160.0
415010012,141,2026,10,179083490.0,125517870.0,263313260.0
415010012,142,2026,11,178845900.0,125312160.0,263471500.0
415010012,143,2026,12,178534050.0,125097230.0,263447890.0
415010012,144,2027,1,172837950.0,136363790.0,232145440.0
415010012,145,2027,2,173652480.0,137369630.0,232040530.0
415010012,146,2027,3,174558720.0,138277870.0,231834800.0
415010012,147,2027,4,175402770.0,139014350.0,231601440.0
415010012,148,2027,5,176172930.0,139582130.0,231564780.0
415010012,149,2027,6,176773740.0,139925460.0,231687620.0
415010012,150,2027,7,177175780.0,140044540.0,232088770.0
415010012,151,2027,8,177308300.0,139960960.0,232496820.0
415010012,152,2027,9,177264000.0,139794480.0,232794580.0
415010012,153,2027,10,177113280.0,139608220.0,232942480.0
415010012,154,2027,11,176902600.0,139430990.0,232973150.0
415010012,155,2027,12,176654100.0,139240980.0,232978930.0
415010012,156,2028,1,186704580.0,154335460.0,240110080.0
415010012,157,2028,2,187507550.0,155214290.0,240092660.0
415010012,158,2028,3,188345600.0,156007040.0,239980500.0
415010012,159,2028,4,189124600.0,156666640.0,239860590.0
415010012,160,2028,5,189801810.0,157151470.0,239866080.0
415010012,161,2028,6,190347070.0,157448200.0,240090830.0
415010012,162,2028,7,190687550.0,157531710.0,240456080.0
415010012,163,2028,8,190817810.0,157448800.0,240860480.0
415010012,164,2028,9,190759230.0,157276530.0,241130750.0
415010012,165,2028,10,190599570.0,157091540.0,241251280.0
415010012,166,2028,11,190386660.0,156922340.0,241259570.0
415010012,167,2028,12,190154740.0,156755710.0,241260030.0
415010012,168,2029,1,189357060.0,166514600.0,226532200.0
415010012,169,2029,2,189982540.0,167143660.0,226547310.0
415010012,170,2029,3,190594480.0,167698990.0,226504980.0
415010012,171,2029,4,191151120.0,168171440.0,226470400.0
415010012,172,2029,5,191614370.0,168509230.0,226503230.0
415010012,173,2029,6,191990060.0,168724380.0,226664860.0
415010012,174,2029,7,192230060.0,168783300.0,226922690.0
415010012,175,2029,8,192309280.0,168720200.0,227191630.0
415010012,176,2029,9,192264180.0,168600530.0,227359820.0
415010012,177,2029,10,192139900.0,168452030.0,227445700.0
415010012,178,2029,11,191986030.0,168329970.0,227454380.0
415010012,179,2029,12,191782190.0,168200000.0,227390620.0
415010012,180,2030,1,197328030.0,173148780.0,239284850.0
415010012,181,2030,2,198027060.0,173763470.0,239318620.0
415010012,182,2030,3,198695600.0,174321490.0,239298080.0
415010012,183,2030,4,199281600.0,174783260.0,239284400.0
415010012,184,2030,5,199780910.0,175134660.0,239350110.0
415010012,185,2030,6,200167310.0,175346910.0,239557920.0
415010012,186,2030,7,200401100.0,175378350.0,239875250.0
415010012,187,2030,8,200468000.0,175290740.0,240187490.0
415010012,188,2030,9,200399570.0,175142340.0,240389120.0
415010012,189,2030,10,200248260.0,174987740.0,240476720.0
415010012,190,2030,11,200039070.0,174826940.0,240464340.0
415010012,191,2030,12,199808350.0,174683950.0,240412050.0
415010012,192,2031,1,192792980.0,184498450.0,206250460.0
415010012,193,2031,2,193039890.0,184707600.0,206268940.0
415010012,194,2031,3,193262400.0,184899000.0,206275260.0
415010012,195,2031,4,193453060.0,185054940.0,206279580.0
415010012,196,2031,5,193612530.0,185174290.0,206307500.0
415010012,197,2031,6,193735150.0,185243870.0,206370880.0
415010012,198,2031,7,193808350.0,185259420.0,206464180.0
415010012,199,2031,8,193829420.0,185227620.0,206557140.0
415010012,200,2031,9,193800580.0,185173940.0,206608770.0
415010012,201,2031,10,193744030.0,185117070.0,206624130.0
415010012,202,2031,11,193673840.0,185062000.0,206613890.0
415010012,203,2031,12,193585570.0,185006600.0,206581570.0
415010012,204,2032,1,199841900.0,189929650.0,216741460.0
415010012,205,2032,2,200145540.0,190162720.0,216774130.0
415010012,206,2032,3,200416000.0,190377940.0,216792320.0
415010012,207,2032,4,200649710.0,190562130.0,216807200.0
415010012,208,2032,5,200836540.0,190700660.0,216847730.0
415010012,209,2032,6,200979090.0,190777420.0,216926750.0
415010012,210,2032,7,201065740.0,190790880.0,217046770.0
415010012,211,2032,8,201071890.0,190745400.0,217147800.0
415010012,212,2032,9,201035460.0,190685740.0,217205390.0
415010012,213,2032,10,200964910.0,190618100.0,217221140.0
415010012,214,2032,11,200867950.0,190552690.0,217188380.0
415010012,215,2032,12,200769150.0,190495250.0,217148620.0
415010012,216,2033,1,197982110.0,193791340.0,205268140.0
415010012,217,2033,2,198138140.0,193892270.0,205290080.0
415010012,218,2033,3,198262130.0,193983650.0,205300260.0
415010012,219,2033,4,198367660.0,194064690.0,205312020.0
415010012,220,2033,5,198450160.0,194125400.0,205331980.0
415010012,221,2033,6,198509970.0,194160580.0,205366050.0
415010012,222,2033,7,198545570.0,194165760.0,205412290.0
415010012,223,2033,8,198553900.0,194150600.0,205454990.0
415010012,224,2033,9,198538770.0,194125780.0,205476940.0
415010012,225,2033,10,198507330.0,194098740.0,205475360.0
415010012,226,2033,11,198466060.0,194069870.0,205463230.0
415010012,227,2033,12,198422160.0,194044700.0,205440100.0
415010012,228,2034,1,200750370.0,196510740.0,208375820.0
415010012,229,2034,2,200895550.0,196601090.0,208400850.0
415010012,230,2034,3,201019730.0,196689980.0,208419140.0
415010012,231,2034,4,201117520.0,196763150.0,208433860.0
415010012,232,2034,5,201196180.0,196819090.0,208455730.0
415010012,233,2034,6,201256050.0,196850620.0,208493900.0
415010012,234,2034,7,201289460.0,196854370.0,208544800.0
415010012,235,2034,8,201294060.0,196835220.0,208586580.0
415010012,236,2034,9,201273710.0,196805570.0,208604080.0
415010012,237,2034,10,201240320.0,196777040.0,208603680.0
415010012,238,2034,11,201196940.0,196750770.0,208584200.0
415010012,239,2034,12,201152450.0,196723740.0,208560320.0
415020050,120,2025,1,53544744.0,43523428.0,68491950.0
415020050,121,2025,2,53753490.0,43672196.0,68488550.0
415020050,122,2025,3,53931360.0,43822140.0,68434750.0
415020050,123,2025,4,54085260.0,43958428.0,68369910.0
415020050,124,2025,5,54217156.0,44063270.0,68333016.0
415020050,125,2025,6,54324292.0,44130052.0,68342010.0
415020050,126,2025,7,54390750.0,44153710.0,68380350.0
415020050,127,2025,8,54417836.0,44145628.0,68429930.0
415020050,128,2025,9,54416172.0,44117850.0,68476280.0
415020050,129,2025,10,54390544.0,44079664.0,68499260.0
415020050,130,2025,11,54359016.0,44044284.0,68508280.0
415020050,131,2025,12,54325120.0,44008676.0,68521880.0
415020050,132,2026,1,60300228.0,48627300.0,80666310.0
415020050,133,2026,2,60670900.0,48888716.0,80791180.0
415020050,134,2026,3,60998930.0,49144976.0,80809980.0
415020050,135,2026,4,61288970.0,49373948.0,80795340.0
415020050,136,2026,5,61528492.0,49554240.0,80768380.0
415020050,137,2026,6,61723140.0,49680770.0,80780090.0
415020050,138,2026,7,61857970.0,49749612.0,80830790.0
415020050,139,2026,8,61941556.0,49772484.0,80886010.0
415020050,140,2026,9,61971336.0,49767070.0,80911780.0
415020050,141,2026,10,61971692.0,49745532.0,80921810.0
415020050,142,2026,11,61956332.0,49722572.0,80908070.0
415020050,143,2026,12,61935416.0,49693092.0,80906376.0
415020050,144,2027,1,60781510.0,52248644.0,75567100.0
415020050,145,2027,2,60981596.0,52447732.0,75758310.0
415020050,146,2027,3,61209760.0,52648892.0,75855480.0
415020050,147,2027,4,61427416.0,52822904.0,75897880.0
415020050,148,2027,5,61628210.0,52965764.0,75935970.0
415020050,149,2027,6,61791460.0,53059596.0,75982030.0
415020050,150,2027,7,61912740.0,53112756.0,76048740.0
415020050,151,2027,8,61987772.0,53128460.0,76108230.0
415020050,152,2027,9,62022540.0,53123496.0,76143944.0
415020050,153,2027,10,62035080.0,53107490.0,76157170.0
415020050,154,2027,11,62035670.0,53089764.0,76159630.0
415020050,155,2027,12,62023960.0,53068708.0,76149750.0
415020050,156,2028,1,63260424.0,56105310.0,76266470.0
415020050,157,2028,2,63443004.0,56262840.0,76415430.0
415020050,158,2028,3,63643950.0,56419304.0,76509650.0
415020050,159,2028,4,63839444.0,56559804.0,76571110.0
415020050,160,2028,5,64013076.0,56671892.0,76626184.0
415020050,161,2028,6,64154012.0,56743610.0,76690520.0
415020050,162,2028,7,64260550.0,56783664.0,76769110.0
415020050,163,2028,8,64329596.0,56792436.0,76840170.0
415020050,164,2028,9,64365800.0,56785724.0,76887070.0
415020050,165,2028,10,64376852.0,56770776.0,76905560.0
415020050,166,2028,11,64376852.0,56754212.0,76912600.0
415020050,167,2028,12,64369240.0,56734080.0,76913920.0
415020050,168,2029,1,63702130.0,59126356.0,72101950.0
415020050,169,2029,2,63834456.0,59222972.0,72197870.0
415020050,170,2029,3,63968772.0,59318160.0,72262344.0
415020050,171,2029,4,64093100.0,59403080.0,72305496.0
415020050,172,2029,5,64203956.0,59470640.0,72350744.0
415020050,173,2029,6,64297092.0,59516828.0,72402510.0
415020050,174,2029,7,64365430.0,59539190.0,72460536.0
415020050,175,2029,8,64409892.0,59540216.0,72512940.0
415020050,176,2029,9,64432496.0,59533628.0,72548360.0
415020050,177,2029,10,64441100.0,59523750.0,72564136.0
415020050,178,2029,11,64443070.0,59511830.0,72572720.0
415020050,179,2029,12,64440124.0,59499572.0,72574790.0
415020050,180,2030,1,64435570.0,60490184.0,72088344.0
415020050,181,2030,2,64557604.0,60565108.0,72162490.0
415020050,182,2030,3,64679744.0,60642560.0,72217704.0
415020050,183,2030,4,64791120.0,60710840.0,72262490.0
415020050,184,2030,5,64885850.0,60766096.0,72304536.0
415020050,185,2030,6,64966096.0,60801108.0,72356130.0
415020050,186,2030,7,65023120.0,60813172.0,72415640.0
415020050,187,2030,8,65061950.0,60812470.0,72468420.0
415020050,188,2030,9,65079576.0,60801108.0,72503120.0
415020050,189,2030,10,65087270.0,60789284.0,72524290.0
415020050,190,2030,11,65086276.0,60777340.0,72532450.0
415020050,191,2030,12,65081560.0,60766330.0,72531890.0
415020050,192,2031,1,64230776.0,62927556.0,66717880.0
415020050,193,2031,2,64273790.0,62950370.0,66741304.0
415020050,194,2031,3,64314630.0,62974268.0,66759892.0
415020050,195,2031,4,64351436.0,62995290.0,66775810.0
415020050,196,2031,5,64382624.0,63012350.0,66789944.0
415020050,197,2031,6,64408292.0,63023050.0,66807660.0
415020050,198,2031,7,64427950.0,63027256.0,66827668.0
415020050,199,2031,8,64439870.0,63025096.0,66845516.0
415020050,200,2031,9,64446024.0,63021130.0,66856864.0
415020050,201,2031,10,64448230.0,63016440.0,66863748.0
415020050,202,2031,11,64448720.0,63012710.0,66867068.0
415020050,203,2031,12,64447000.0,63008868.0,66867190.0
415020050,204,2032,1,64967708.0,63764364.0,67342296.0
415020050,205,2032,2,65009730.0,63782244.0,67365810.0
415020050,206,2032,3,65048670.0,63802440.0,67384440.0
415020050,207,2032,4,65082924.0,63820700.0,67399864.0
415020050,208,2032,5,65112600.0,63836160.0,67415300.0
415020050,209,2032,6,65136452.0,63844804.0,67432910.0
415020050,210,2032,7,65153720.0,63847000.0,67452460.0
415020050,211,2032,8,65165280.0,63845050.0,67470860.0
415020050,212,2032,9,65171244.0,63840908.0,67482710.0
415020050,213,2032,10,65173484.0,63836892.0,67489144.0
415020050,214,2032,11,65173484.0,63832140.0,67492360.0
415020050,215,2032,12,65172364.0,63828370.0,67493130.0
415020050,216,2033,1,64773324.0,64403380.0,65519350.0
415020050,217,2033,2,64788150.0,64408292.0,65527480.0
415020050,218,2033,3,64800884.0,64414068.0,65533356.0
415020050,219,2033,4,64812010.0,64419600.0,65538852.0
415020050,220,2033,5,64821284.0,64423900.0,65543980.0
415020050,221,2033,6,64828824.0,64426720.0,65549732.0
415020050,222,2033,7,64834630.0,64427340.0,65556356.0
415020050,223,2033,8,64837976.0,64426476.0,65561736.0
415020050,224,2033,9,64839950.0,64425000.0,65565610.0
415020050,225,2033,10,64840820.0,64423650.0,65567988.0
415020050,226,2033,11,64840820.0,64422176.0,65568984.0
415020050,227,2033,12,64840320.0,64421070.0,65569230.0
415020050,228,2034,1,65030316.0,64671730.0,65765256.0
415020050,229,2034,2,65043960.0,64675800.0,65773156.0
415020050,230,2034,3,65055870.0,64680856.0,65779180.0
415020050,231,2034,4,65066172.0,64685668.0,65784444.0
415020050,232,2034,5,65074610.0,64689250.0,65789344.0
415020050,233,2034,6,65081810.0,64691588.0,65795616.0
415020050,234,2034,7,65087024.0,64691710.0,65802140.0
415020050,235,2034,8,65090252.0,64690610.0,65807916.0
415020050,236,2034,9,65091864.0,64688750.0,65811804.0
415020050,237,2034,10,65092612.0,64687390.0,65814064.0
415020050,238,2034,11,65092612.0,64685910.0,65814940.0
415020050,239,2034,12,65091988.0,64684430.0,65815196.0
